Cement,Slag,FlyAsh,Water,Superplasticizer,CoarseAgg,FineAgg,Age,Strength,WCR,TotalAgg,Age_x_WCR,Log_Age
540,0,0,162,2.5,1040,676,28,79.99,0.3,1716,8.4,3.3673
540,0,0,162,2.5,1055,676,28,61.89,0.3,1731,8.4,3.3673
332.5,142.5,0,228,0,932,594,270,40.27,0.6857,1526,185.139,5.6021
332.5,142.5,0,228,0,932,594,365,41.05,0.6857,1526,250.2805,5.9026
198.6,132.4,0,192,0,978.4,825.5,360,44.3,0.9668,1803.9,348.048,5.8889
266,114,0,228,0,932,670,90,47.03,0.8571,1602,77.139,4.5109
380,95,0,228,0,932,594,365,43.7,0.6,1526,219,5.9026
380,95,0,228,0,932,594,28,36.45,0.6,1526,16.8,3.3673
266,114,0,228,0,932,670,28,45.85,0.8571,1602,23.9988,3.3673
475,0,0,228,0,932,594,28,39.29,0.48,1526,13.44,3.3673
198.6,132.4,0,192,0,978.4,825.5,90,38.07,0.9668,1803.9,87.012,4.5109
198.6,132.4,0,192,0,978.4,825.5,28,28.02,0.9668,1803.9,27.0704,3.3673
427.5,47.5,0,228,0,932,594,270,43.01,0.5333,1526,143.991,5.6021
190,190,0,228,0,932,670,90,42.33,1.2,1602,108,4.5109
304,76,0,228,0,932,670,28,47.81,0.75,1602,21,3.3673
380,0,0,228,0,932,670,90,52.91,0.6,1602,54,4.5109
139.6,209.4,0,192,0,1047,806.9,90,39.36,1.3754,1853.9,123.786,4.5109
342,38,0,228,0,932,670,365,56.14,0.6667,1602,243.3455,5.9026
380,95,0,228,0,932,594,90,40.56,0.6,1526,54,4.5109
475,0,0,228,0,932,594,180,42.62,0.48,1526,86.4,5.1985
427.5,47.5,0,228,0,932,594,180,41.84,0.5333,1526,95.994,5.1985
139.6,209.4,0,192,0,1047,806.9,28,28.24,1.3754,1853.9,38.5112,3.3673
139.6,209.4,0,192,0,1047,806.9,3,8.06,1.3754,1853.9,4.1262,1.3863
139.6,209.4,0,192,0,1047,806.9,180,44.21,1.3754,1853.9,247.572,5.1985
380,0,0,228,0,932,670,365,52.52,0.6,1602,219,5.9026
380,0,0,228,0,932,670,270,53.3,0.6,1602,162,5.6021
380,95,0,228,0,932,594,270,41.15,0.6,1526,162,5.6021
342,38,0,228,0,932,670,180,52.12,0.6667,1602,120.006,5.1985
427.5,47.5,0,228,0,932,594,28,37.43,0.5333,1526,14.9324,3.3673
475,0,0,228,0,932,594,7,38.6,0.48,1526,3.36,2.0794
304,76,0,228,0,932,670,365,55.26,0.75,1602,273.75,5.9026
266,114,0,228,0,932,670,365,52.91,0.8571,1602,312.8415,5.9026
198.6,132.4,0,192,0,978.4,825.5,180,41.72,0.9668,1803.9,174.024,5.1985
475,0,0,228,0,932,594,270,42.13,0.48,1526,129.6,5.6021
190,190,0,228,0,932,670,365,53.69,1.2,1602,438,5.9026
237.5,237.5,0,228,0,932,594,270,38.41,0.96,1526,259.2,5.6021
237.5,237.5,0,228,0,932,594,28,30.08,0.96,1526,26.88,3.3673
332.5,142.5,0,228,0,932,594,90,37.72,0.6857,1526,61.713,4.5109
475,0,0,228,0,932,594,90,42.23,0.48,1526,43.2,4.5109
237.5,237.5,0,228,0,932,594,180,36.25,0.96,1526,172.8,5.1985
342,38,0,228,0,932,670,90,50.46,0.6667,1602,60.003,4.5109
427.5,47.5,0,228,0,932,594,365,43.7,0.5333,1526,194.6545,5.9026
237.5,237.5,0,228,0,932,594,365,39,0.96,1526,350.4,5.9026
380,0,0,228,0,932,670,180,53.1,0.6,1602,108,5.1985
427.5,47.5,0,228,0,932,594,90,41.54,0.5333,1526,47.997,4.5109
427.5,47.5,0,228,0,932,594,7,35.08,0.5333,1526,3.7331,2.0794
349,0,0,192,0,1047,806.9,3,15.05,0.5501,1853.9,1.6503,1.3863
380,95,0,228,0,932,594,180,40.76,0.6,1526,108,5.1985
237.5,237.5,0,228,0,932,594,7,26.26,0.96,1526,6.72,2.0794
380,95,0,228,0,932,594,7,32.82,0.6,1526,4.2,2.0794
332.5,142.5,0,228,0,932,594,180,39.78,0.6857,1526,123.426,5.1985
190,190,0,228,0,932,670,180,46.93,1.2,1602,216,5.1985
237.5,237.5,0,228,0,932,594,90,33.12,0.96,1526,86.4,4.5109
304,76,0,228,0,932,670,90,49.19,0.75,1602,67.5,4.5109
139.6,209.4,0,192,0,1047,806.9,7,14.59,1.3754,1853.9,9.6278,2.0794
198.6,132.4,0,192,0,978.4,825.5,7,14.64,0.9668,1803.9,6.7676,2.0794
475,0,0,228,0,932,594,365,41.93,0.48,1526,175.2,5.9026
198.6,132.4,0,192,0,978.4,825.5,3,9.13,0.9668,1803.9,2.9004,1.3863
304,76,0,228,0,932,670,180,50.95,0.75,1602,135,5.1985
332.5,142.5,0,228,0,932,594,28,33.02,0.6857,1526,19.1996,3.3673
304,76,0,228,0,932,670,270,54.38,0.75,1602,202.5,5.6021
266,114,0,228,0,932,670,270,51.73,0.8571,1602,231.417,5.6021
310,0,0,192,0,971,850.6,3,9.87,0.6194,1821.6,1.8582,1.3863
190,190,0,228,0,932,670,270,50.66,1.2,1602,324,5.6021
266,114,0,228,0,932,670,180,48.7,0.8571,1602,154.278,5.1985
342,38,0,228,0,932,670,270,55.06,0.6667,1602,180.009,5.6021
139.6,209.4,0,192,0,1047,806.9,360,44.7,1.3754,1853.9,495.144,5.8889
332.5,142.5,0,228,0,932,594,7,30.28,0.6857,1526,4.7999,2.0794
190,190,0,228,0,932,670,28,40.86,1.2,1602,33.6,3.3673
485,0,0,146,0,1120,800,28,71.99,0.3010,1920,8.428,3.3673
374,189.2,0,170.1,10.1,926.1,756.7,3,34.4,0.4548,1682.8,1.3644,1.3863
313.3,262.2,0,175.5,8.6,1046.9,611.8,3,28.8,0.5602,1658.7,1.6806,1.3863
425,106.3,0,153.5,16.5,852.1,887.1,3,33.4,0.3612,1739.2,1.0836,1.3863
425,106.3,0,151.4,18.6,936,803.7,3,36.3,0.3562,1739.7,1.0686,1.3863
375,93.8,0,126.6,23.4,852.1,992.6,3,29,0.3376,1844.7,1.0128,1.3863
475,118.8,0,181.1,8.9,852.1,781.5,3,37.8,0.3813,1633.6,1.1439,1.3863
469,117.2,0,137.8,32.2,852.1,840.5,3,40.2,0.2938,1692.6,0.8814,1.3863
425,106.3,0,153.5,16.5,852.1,887.1,3,33.4,0.3612,1739.2,1.0836,1.3863
388.6,97.1,0,157.9,12.1,852.1,925.7,3,28.1,0.4063,1777.8,1.2189,1.3863
531.3,0,0,141.8,28.2,852.1,893.7,3,41.3,0.2669,1745.8,0.8007,1.3863
425,106.3,0,153.5,16.5,852.1,887.1,3,33.4,0.3612,1739.2,1.0836,1.3863
318.8,212.5,0,155.7,14.3,852.1,880.4,3,25.2,0.4884,1732.5,1.4652,1.3863
401.8,94.7,0,147.4,11.4,946.8,852.1,3,41.1,0.3668,1798.9,1.1004,1.3863
362.6,189,0,164.9,11.6,944.7,755.8,3,35.3,0.4548,1700.5,1.3644,1.3863
323.7,282.8,0,183.8,10.3,942.7,659.9,3,28.3,0.5678,1602.6,1.7034,1.3863
379.5,151.2,0,153.9,15.9,1134.3,605,3,28.6,0.4055,1739.3,1.2165,1.3863
362.6,189,0,164.9,11.6,944.7,755.8,3,35.3,0.4548,1700.5,1.3644,1.3863
286.3,200.9,0,144.7,11.2,1004.6,803.7,3,24.4,0.5054,1808.3,1.5162,1.3863
362.6,189,0,164.9,11.6,944.7,755.8,3,35.3,0.4548,1700.5,1.3644,1.3863
439,177,0,186,11.1,884.9,707.9,3,39.3,0.4237,1592.8,1.2711,1.3863
389.9,189,0,145.9,22,944.7,755.8,3,40.6,0.3742,1700.5,1.1226,1.3863
362.6,189,0,164.9,11.6,944.7,755.8,3,35.3,0.4548,1700.5,1.3644,1.3863
337.9,189,0,174.9,9.5,944.7,755.8,3,24.1,0.5176,1700.5,1.5528,1.3863
374,189.2,0,170.1,10.1,926.1,756.7,7,46.2,0.4548,1682.8,3.1836,2.0794
313.3,262.2,0,175.5,8.6,1046.9,611.8,7,42.8,0.5602,1658.7,3.9214,2.0794
425,106.3,0,153.5,16.5,852.1,887.1,7,49.2,0.3612,1739.2,2.5284,2.0794
425,106.3,0,151.4,18.6,936,803.7,7,46.8,0.3562,1739.7,2.4934,2.0794
375,93.8,0,126.6,23.4,852.1,992.6,7,45.7,0.3376,1844.7,2.3632,2.0794
475,118.8,0,181.1,8.9,852.1,781.5,7,55.6,0.3813,1633.6,2.6691,2.0794
469,117.2,0,137.8,32.2,852.1,840.5,7,54.9,0.2938,1692.6,2.0566,2.0794
425,106.3,0,153.5,16.5,852.1,887.1,7,49.2,0.3612,1739.2,2.5284,2.0794
388.6,97.1,0,157.9,12.1,852.1,925.7,7,34.9,0.4063,1777.8,2.8441,2.0794
531.3,0,0,141.8,28.2,852.1,893.7,7,46.9,0.2669,1745.8,1.8683,2.0794
425,106.3,0,153.5,16.5,852.1,887.1,7,49.2,0.3612,1739.2,2.5284,2.0794
318.8,212.5,0,155.7,14.3,852.1,880.4,7,33.4,0.4884,1732.5,3.4188,2.0794
401.8,94.7,0,147.4,11.4,946.8,852.1,7,54.1,0.3668,1798.9,2.5676,2.0794
362.6,189,0,164.9,11.6,944.7,755.8,7,55.9,0.4548,1700.5,3.1836,2.0794
323.7,282.8,0,183.8,10.3,942.7,659.9,7,49.8,0.5678,1602.6,3.9746,2.0794
379.5,151.2,0,153.9,15.9,1134.3,605,7,47.1,0.4055,1739.3,2.8385,2.0794
362.6,189,0,164.9,11.6,944.7,755.8,7,55.9,0.4548,1700.5,3.1836,2.0794
286.3,200.9,0,144.7,11.2,1004.6,803.7,7,38,0.5054,1808.3,3.5378,2.0794
362.6,189,0,164.9,11.6,944.7,755.8,7,55.9,0.4548,1700.5,3.1836,2.0794
439,177,0,186,11.1,884.9,707.9,7,56.1,0.4237,1592.8,2.9659,2.0794
389.9,189,0,145.9,22,944.7,755.8,7,59.09,0.3742,1700.5,2.6194,2.0794
362.6,189,0,164.9,11.6,944.7,755.8,7,22.9,0.4548,1700.5,3.1836,2.0794
337.9,189,0,174.9,9.5,944.7,755.8,7,35.1,0.5176,1700.5,3.6232,2.0794
374,189.2,0,170.1,10.1,926.1,756.7,28,61.09,0.4548,1682.8,12.7344,3.3673
313.3,262.2,0,175.5,8.6,1046.9,611.8,28,59.8,0.5602,1658.7,15.6856,3.3673
425,106.3,0,153.5,16.5,852.1,887.1,28,60.29,0.3612,1739.2,10.1136,3.3673
425,106.3,0,151.4,18.6,936,803.7,28,61.8,0.3562,1739.7,9.9736,3.3673
375,93.8,0,126.6,23.4,852.1,992.6,28,56.7,0.3376,1844.7,9.4528,3.3673
475,118.8,0,181.1,8.9,852.1,781.5,28,68.3,0.3813,1633.6,10.6764,3.3673
469,117.2,0,137.8,32.2,852.1,840.5,28,66.9,0.2938,1692.6,8.2264,3.3673
425,106.3,0,153.5,16.5,852.1,887.1,28,60.29,0.3612,1739.2,10.1136,3.3673
388.6,97.1,0,157.9,12.1,852.1,925.7,28,50.7,0.4063,1777.8,11.3764,3.3673
531.3,0,0,141.8,28.2,852.1,893.7,28,56.4,0.2669,1745.8,7.4732,3.3673
425,106.3,0,153.5,16.5,852.1,887.1,28,60.29,0.3612,1739.2,10.1136,3.3673
318.8,212.5,0,155.7,14.3,852.1,880.4,28,55.5,0.4884,1732.5,13.6752,3.3673
401.8,94.7,0,147.4,11.4,946.8,852.1,28,68.5,0.3668,1798.9,10.2704,3.3673
362.6,189,0,164.9,11.6,944.7,755.8,28,71.3,0.4548,1700.5,12.7344,3.3673
323.7,282.8,0,183.8,10.3,942.7,659.9,28,74.7,0.5678,1602.6,15.8984,3.3673
379.5,151.2,0,153.9,15.9,1134.3,605,28,52.2,0.4055,1739.3,11.354,3.3673
362.6,189,0,164.9,11.6,944.7,755.8,28,71.3,0.4548,1700.5,12.7344,3.3673
286.3,200.9,0,144.7,11.2,1004.6,803.7,28,67.7,0.5054,1808.3,14.1512,3.3673
362.6,189,0,164.9,11.6,944.7,755.8,28,71.3,0.4548,1700.5,12.7344,3.3673
439,177,0,186,11.1,884.9,707.9,28,66,0.4237,1592.8,11.8636,3.3673
389.9,189,0,145.9,22,944.7,755.8,28,74.5,0.3742,1700.5,10.4776,3.3673
362.6,189,0,164.9,11.6,944.7,755.8,28,71.3,0.4548,1700.5,12.7344,3.3673
337.9,189,0,174.9,9.5,944.7,755.8,28,49.9,0.5176,1700.5,14.4928,3.3673
374,189.2,0,170.1,10.1,926.1,756.7,56,63.4,0.4548,1682.8,25.4688,4.0431
313.3,262.2,0,175.5,8.6,1046.9,611.8,56,64.9,0.5602,1658.7,31.3712,4.0431
425,106.3,0,153.5,16.5,852.1,887.1,56,64.3,0.3612,1739.2,20.2272,4.0431
425,106.3,0,151.4,18.6,936,803.7,56,64.9,0.3562,1739.7,19.9472,4.0431
375,93.8,0,126.6,23.4,852.1,992.6,56,60.2,0.3376,1844.7,18.9056,4.0431
475,118.8,0,181.1,8.9,852.1,781.5,56,72.3,0.3813,1633.6,21.3528,4.0431
469,117.2,0,137.8,32.2,852.1,840.5,56,69.3,0.2938,1692.6,16.4528,4.0431
425,106.3,0,153.5,16.5,852.1,887.1,56,64.3,0.3612,1739.2,20.2272,4.0431
388.6,97.1,0,157.9,12.1,852.1,925.7,56,55.2,0.4063,1777.8,22.7528,4.0431
531.3,0,0,141.8,28.2,852.1,893.7,56,58.8,0.2669,1745.8,14.9464,4.0431
425,106.3,0,153.5,16.5,852.1,887.1,56,64.3,0.3612,1739.2,20.2272,4.0431
318.8,212.5,0,155.7,14.3,852.1,880.4,56,66.1,0.4884,1732.5,27.3504,4.0431
401.8,94.7,0,147.4,11.4,946.8,852.1,56,73.7,0.3668,1798.9,20.5408,4.0431
362.6,189,0,164.9,11.6,944.7,755.8,56,77.3,0.4548,1700.5,25.4688,4.0431
323.7,282.8,0,183.8,10.3,942.7,659.9,56,80.2,0.5678,1602.6,31.7968,4.0431
379.5,151.2,0,153.9,15.9,1134.3,605,56,54.9,0.4055,1739.3,22.708,4.0431
362.6,189,0,164.9,11.6,944.7,755.8,56,77.3,0.4548,1700.5,25.4688,4.0431
286.3,200.9,0,144.7,11.2,1004.6,803.7,56,72.99,0.5054,1808.3,28.3024,4.0431
362.6,189,0,164.9,11.6,944.7,755.8,56,77.3,0.4548,1700.5,25.4688,4.0431
439,177,0,186,11.1,884.9,707.9,56,71.7,0.4237,1592.8,23.7272,4.0431
389.9,189,0,145.9,22,944.7,755.8,56,79.4,0.3742,1700.5,20.9552,4.0431
362.6,189,0,164.9,11.6,944.7,755.8,56,77.3,0.4548,1700.5,25.4688,4.0431
337.9,189,0,174.9,9.5,944.7,755.8,56,59.89,0.5176,1700.5,28.9856,4.0431
374,189.2,0,170.1,10.1,926.1,756.7,91,64.9,0.4548,1682.8,41.3868,4.5218
313.3,262.2,0,175.5,8.6,1046.9,611.8,91,66.6,0.5602,1658.7,50.9782,4.5218
425,106.3,0,153.5,16.5,852.1,887.1,91,65.2,0.3612,1739.2,32.8692,4.5218
425,106.3,0,151.4,18.6,936,803.7,91,66.7,0.3562,1739.7,32.4142,4.5218
375,93.8,0,126.6,23.4,852.1,992.6,91,62.5,0.3376,1844.7,30.7216,4.5218
475,118.8,0,181.1,8.9,852.1,781.5,91,74.19,0.3813,1633.6,34.6983,4.5218
469,117.2,0,137.8,32.2,852.1,840.5,91,70.7,0.2938,1692.6,26.7358,4.5218
425,106.3,0,153.5,16.5,852.1,887.1,91,65.2,0.3612,1739.2,32.8692,4.5218
388.6,97.1,0,157.9,12.1,852.1,925.7,91,57.6,0.4063,1777.8,36.9733,4.5218
531.3,0,0,141.8,28.2,852.1,893.7,91,59.2,0.2669,1745.8,24.2879,4.5218
425,106.3,0,153.5,16.5,852.1,887.1,91,65.2,0.3612,1739.2,32.8692,4.5218
318.8,212.5,0,155.7,14.3,852.1,880.4,91,68.1,0.4884,1732.5,44.4444,4.5218
401.8,94.7,0,147.4,11.4,946.8,852.1,91,75.5,0.3668,1798.9,33.3788,4.5218
362.6,189,0,164.9,11.6,944.7,755.8,91,79.3,0.4548,1700.5,41.3868,4.5218
379.5,151.2,0,153.9,15.9,1134.3,605,91,56.5,0.4055,1739.3,36.9005,4.5218
362.6,189,0,164.9,11.6,944.7,755.8,91,79.3,0.4548,1700.5,41.3868,4.5218
286.3,200.9,0,144.7,11.2,1004.6,803.7,91,76.8,0.5054,1808.3,45.9914,4.5218
362.6,189,0,164.9,11.6,944.7,755.8,91,79.3,0.4548,1700.5,41.3868,4.5218
439,177,0,186,11.1,884.9,707.9,91,73.3,0.4237,1592.8,38.5567,4.5218
389.9,189,0,145.9,22,944.7,755.8,91,82.6,0.3742,1700.5,34.0522,4.5218
362.6,189,0,164.9,11.6,944.7,755.8,91,79.3,0.4548,1700.5,41.3868,4.5218
337.9,189,0,174.9,9.5,944.7,755.8,91,67.8,0.5176,1700.5,47.1016,4.5218
222.4,0,96.7,189.3,4.5,967.1,870.3,3,11.58,0.8512,1837.4,2.5536,1.3863
222.4,0,96.7,189.3,4.5,967.1,870.3,14,24.45,0.8512,1837.4,11.9168,2.7081
222.4,0,96.7,189.3,4.5,967.1,870.3,28,24.89,0.8512,1837.4,23.8336,3.3673
222.4,0,96.7,189.3,4.5,967.1,870.3,56,29.45,0.8512,1837.4,47.6672,4.0431
222.4,0,96.7,189.3,4.5,967.1,870.3,100,40.71,0.8512,1837.4,85.12,4.6151
233.8,0,94.6,197.9,4.6,947,852.2,3,10.38,0.8464,1799.2,2.5392,1.3863
233.8,0,94.6,197.9,4.6,947,852.2,14,22.14,0.8464,1799.2,11.8496,2.7081
233.8,0,94.6,197.9,4.6,947,852.2,28,22.84,0.8464,1799.2,23.6992,3.3673
233.8,0,94.6,197.9,4.6,947,852.2,56,27.66,0.8464,1799.2,47.3984,4.0431
233.8,0,94.6,197.9,4.6,947,852.2,100,34.56,0.8464,1799.2,84.64,4.6151
194.7,0,100.5,165.6,7.5,1006.4,905.9,3,12.45,0.8505,1912.3,2.5515,1.3863
194.7,0,100.5,165.6,7.5,1006.4,905.9,14,24.99,0.8505,1912.3,11.907,2.7081
194.7,0,100.5,165.6,7.5,1006.4,905.9,28,25.72,0.8505,1912.3,23.814,3.3673
194.7,0,100.5,165.6,7.5,1006.4,905.9,56,33.96,0.8505,1912.3,47.628,4.0431
194.7,0,100.5,165.6,7.5,1006.4,905.9,100,37.34,0.8505,1912.3,85.05,4.6151
190.7,0,125.4,162.1,7.8,1090,804,3,15.04,0.8500,1894,2.55,1.3863
190.7,0,125.4,162.1,7.8,1090,804,14,21.06,0.8500,1894,11.9,2.7081
190.7,0,125.4,162.1,7.8,1090,804,28,26.4,0.8500,1894,23.8,3.3673
190.7,0,125.4,162.1,7.8,1090,804,56,35.34,0.8500,1894,47.6,4.0431
190.7,0,125.4,162.1,7.8,1090,804,100,40.57,0.8500,1894,85,4.6151
212.1,0,121.6,180.3,5.7,1057.6,779.3,3,12.47,0.8501,1836.9,2.5503,1.3863
212.1,0,121.6,180.3,5.7,1057.6,779.3,14,20.92,0.8501,1836.9,11.9014,2.7081
212.1,0,121.6,180.3,5.7,1057.6,779.3,28,24.9,0.8501,1836.9,23.8028,3.3673
212.1,0,121.6,180.3,5.7,1057.6,779.3,56,34.2,0.8501,1836.9,47.6056,4.0431
212.1,0,121.6,180.3,5.7,1057.6,779.3,100,39.61,0.8501,1836.9,85.01,4.6151
230,0,118.3,195.5,4.6,1029.4,758.6,3,10.03,0.85,1788,2.55,1.3863
230,0,118.3,195.5,4.6,1029.4,758.6,14,20.08,0.85,1788,11.9,2.7081
230,0,118.3,195.5,4.6,1029.4,758.6,28,24.48,0.85,1788,23.8,3.3673
230,0,118.3,195.5,4.6,1029.4,758.6,56,31.54,0.85,1788,47.6,4.0431
230,0,118.3,195.5,4.6,1029.4,758.6,100,35.34,0.85,1788,85,4.6151
190.3,0,125.2,161.9,9.9,1088.1,802.6,3,9.45,0.8508,1890.7,2.5524,1.3863
190.3,0,125.2,161.9,9.9,1088.1,802.6,14,22.72,0.8508,1890.7,11.9112,2.7081
190.3,0,125.2,161.9,9.9,1088.1,802.6,28,28.47,0.8508,1890.7,23.8224,3.3673
190.3,0,125.2,161.9,9.9,1088.1,802.6,56,38.56,0.8508,1890.7,47.6448,4.0431
190.3,0,125.2,161.9,9.9,1088.1,802.6,100,40.39,0.8508,1890.7,85.08,4.6151
166.1,0,163.3,176.5,4.5,1058.6,780.1,3,10.76,1.0626,1838.7,3.1878,1.3863
166.1,0,163.3,176.5,4.5,1058.6,780.1,14,25.48,1.0626,1838.7,14.8764,2.7081
166.1,0,163.3,176.5,4.5,1058.6,780.1,28,21.54,1.0626,1838.7,29.7528,3.3673
166.1,0,163.3,176.5,4.5,1058.6,780.1,56,28.63,1.0626,1838.7,59.5056,4.0431
166.1,0,163.3,176.5,4.5,1058.6,780.1,100,33.54,1.0626,1838.7,106.26,4.6151
168,42.1,163.8,121.8,5.7,1058.7,780.1,3,7.75,0.725,1838.8,2.175,1.3863
168,42.1,163.8,121.8,5.7,1058.7,780.1,14,17.82,0.725,1838.8,10.15,2.7081
168,42.1,163.8,121.8,5.7,1058.7,780.1,28,24.24,0.725,1838.8,20.3,3.3673
168,42.1,163.8,121.8,5.7,1058.7,780.1,56,32.85,0.725,1838.8,40.6,4.0431
168,42.1,163.8,121.8,5.7,1058.7,780.1,100,39.23,0.725,1838.8,72.5,4.6151
213.7,98.1,24.5,181.7,6.9,1065.8,785.4,3,18,0.8503,1851.2,2.5509,1.3863
213.7,98.1,24.5,181.7,6.9,1065.8,785.4,14,30.39,0.8503,1851.2,11.9042,2.7081
213.7,98.1,24.5,181.7,6.9,1065.8,785.4,28,45.71,0.8503,1851.2,23.8084,3.3673
213.7,98.1,24.5,181.7,6.9,1065.8,785.4,56,50.77,0.8503,1851.2,47.6168,4.0431
213.7,98.1,24.5,181.7,6.9,1065.8,785.4,100,53.9,0.8503,1851.2,85.03,4.6151
213.8,98.1,24.5,181.7,6.7,1066,785.5,3,13.18,0.8499,1851.5,2.5497,1.3863
213.8,98.1,24.5,181.7,6.7,1066,785.5,14,17.84,0.8499,1851.5,11.8986,2.7081
213.8,98.1,24.5,181.7,6.7,1066,785.5,28,40.23,0.8499,1851.5,23.7972,3.3673
213.8,98.1,24.5,181.7,6.7,1066,785.5,56,47.13,0.8499,1851.5,47.5944,4.0431
213.8,98.1,24.5,181.7,6.7,1066,785.5,100,49.97,0.8499,1851.5,84.99,4.6151
229.7,0,118.2,195.2,6.1,1028.1,757.6,3,13.36,0.8498,1785.7,2.5494,1.3863
229.7,0,118.2,195.2,6.1,1028.1,757.6,14,22.32,0.8498,1785.7,11.8972,2.7081
229.7,0,118.2,195.2,6.1,1028.1,757.6,28,24.54,0.8498,1785.7,23.7944,3.3673
229.7,0,118.2,195.2,6.1,1028.1,757.6,56,31.35,0.8498,1785.7,47.5888,4.0431
229.7,0,118.2,195.2,6.1,1028.1,757.6,100,40.86,0.8498,1785.7,84.98,4.6151
238.1,0,94.1,186.7,7,949.9,847,3,19.93,0.7841,1796.9,2.3523,1.3863
238.1,0,94.1,186.7,7,949.9,847,14,25.69,0.7841,1796.9,10.9774,2.7081
238.1,0,94.1,186.7,7,949.9,847,28,30.23,0.7841,1796.9,21.9548,3.3673
238.1,0,94.1,186.7,7,949.9,847,56,39.59,0.7841,1796.9,43.9096,4.0431
238.1,0,94.1,186.7,7,949.9,847,100,44.3,0.7841,1796.9,78.41,4.6151
250,0,95.7,187.4,5.5,956.9,861.2,3,13.82,0.7496,1818.1,2.2488,1.3863
250,0,95.7,187.4,5.5,956.9,861.2,14,24.92,0.7496,1818.1,10.4944,2.7081
250,0,95.7,187.4,5.5,956.9,861.2,28,29.22,0.7496,1818.1,20.9888,3.3673
250,0,95.7,187.4,5.5,956.9,861.2,56,38.33,0.7496,1818.1,41.9776,4.0431
250,0,95.7,187.4,5.5,956.9,861.2,100,42.35,0.7496,1818.1,74.96,4.6151
212.5,0,100.4,159.3,8.7,1007.8,903.6,3,13.54,0.7496,1911.4,2.2488,1.3863
212.5,0,100.4,159.3,8.7,1007.8,903.6,14,26.31,0.7496,1911.4,10.4944,2.7081
212.5,0,100.4,159.3,8.7,1007.8,903.6,28,31.64,0.7496,1911.4,20.9888,3.3673
212.5,0,100.4,159.3,8.7,1007.8,903.6,56,42.55,0.7496,1911.4,41.9776,4.0431
212.5,0,100.4,159.3,8.7,1007.8,903.6,100,42.92,0.7496,1911.4,74.96,4.6151
212.6,0,100.4,159.4,10.4,1003.8,903.8,3,13.33,0.7498,1907.6,2.2494,1.3863
212.6,0,100.4,159.4,10.4,1003.8,903.8,14,25.37,0.7498,1907.6,10.4972,2.7081
212.6,0,100.4,159.4,10.4,1003.8,903.8,28,37.4,0.7498,1907.6,20.9944,3.3673
212.6,0,100.4,159.4,10.4,1003.8,903.8,56,44.4,0.7498,1907.6,41.9888,4.0431
212.6,0,100.4,159.4,10.4,1003.8,903.8,100,47.74,0.7498,1907.6,74.98,4.6151
212,0,124.8,159,7.8,1085.4,799.5,3,19.52,0.75,1884.9,2.25,1.3863
212,0,124.8,159,7.8,1085.4,799.5,14,31.35,0.75,1884.9,10.5,2.7081
212,0,124.8,159,7.8,1085.4,799.5,28,38.5,0.75,1884.9,21,3.3673
212,0,124.8,159,7.8,1085.4,799.5,56,45.08,0.75,1884.9,42,4.0431
212,0,124.8,159,7.8,1085.4,799.5,100,47.82,0.75,1884.9,75,4.6151
231.8,0,121.6,174,6.7,1056.4,778.5,3,15.44,0.7506,1834.9,2.2518,1.3863
231.8,0,121.6,174,6.7,1056.4,778.5,14,26.77,0.7506,1834.9,10.5084,2.7081
231.8,0,121.6,174,6.7,1056.4,778.5,28,33.73,0.7506,1834.9,21.0168,3.3673
231.8,0,121.6,174,6.7,1056.4,778.5,56,42.7,0.7506,1834.9,42.0336,4.0431
231.8,0,121.6,174,6.7,1056.4,778.5,100,45.84,0.7506,1834.9,75.06,4.6151
251.4,0,118.3,188.5,5.8,1028.4,757.7,3,17.22,0.7498,1786.1,2.2494,1.3863
251.4,0,118.3,188.5,5.8,1028.4,757.7,14,29.93,0.7498,1786.1,10.4972,2.7081
251.4,0,118.3,188.5,5.8,1028.4,757.7,28,29.65,0.7498,1786.1,20.9944,3.3673
251.4,0,118.3,188.5,5.8,1028.4,757.7,56,36.97,0.7498,1786.1,41.9888,4.0431
251.4,0,118.3,188.5,5.8,1028.4,757.7,100,43.58,0.7498,1786.1,74.98,4.6151
251.4,0,118.3,188.5,6.4,1028.4,757.7,3,13.12,0.7498,1786.1,2.2494,1.3863
251.4,0,118.3,188.5,6.4,1028.4,757.7,14,24.43,0.7498,1786.1,10.4972,2.7081
251.4,0,118.3,188.5,6.4,1028.4,757.7,28,32.66,0.7498,1786.1,20.9944,3.3673
251.4,0,118.3,188.5,6.4,1028.4,757.7,56,36.64,0.7498,1786.1,41.9888,4.0431
251.4,0,118.3,188.5,6.4,1028.4,757.7,100,44.21,0.7498,1786.1,74.98,4.6151
181.4,0,167,169.6,7.6,1055.6,777.8,3,13.62,0.9350,1833.4,2.805,1.3863
181.4,0,167,169.6,7.6,1055.6,777.8,14,21.6,0.9350,1833.4,13.09,2.7081
181.4,0,167,169.6,7.6,1055.6,777.8,28,27.77,0.9350,1833.4,26.18,3.3673
181.4,0,167,169.6,7.6,1055.6,777.8,56,35.57,0.9350,1833.4,52.36,4.0431
181.4,0,167,169.6,7.6,1055.6,777.8,100,45.37,0.9350,1833.4,93.5,4.6151
182,45.2,122,170.2,8.2,1059.4,780.7,3,7.32,0.9352,1840.1,2.8056,1.3863
182,45.2,122,170.2,8.2,1059.4,780.7,14,21.5,0.9352,1840.1,13.0928,2.7081
182,45.2,122,170.2,8.2,1059.4,780.7,28,31.27,0.9352,1840.1,26.1856,3.3673
182,45.2,122,170.2,8.2,1059.4,780.7,56,43.5,0.9352,1840.1,52.3712,4.0431
182,45.2,122,170.2,8.2,1059.4,780.7,100,48.67,0.9352,1840.1,93.52,4.6151
168.9,42.2,124.3,158.3,10.8,1080.8,796.2,3,7.4,0.9372,1877,2.8116,1.3863
168.9,42.2,124.3,158.3,10.8,1080.8,796.2,14,23.51,0.9372,1877,13.1208,2.7081
168.9,42.2,124.3,158.3,10.8,1080.8,796.2,28,31.12,0.9372,1877,26.2416,3.3673
168.9,42.2,124.3,158.3,10.8,1080.8,796.2,56,39.15,0.9372,1877,52.4832,4.0431
168.9,42.2,124.3,158.3,10.8,1080.8,796.2,100,48.15,0.9372,1877,93.72,4.6151
290.4,0,96.2,168.1,9.4,961.2,865,3,22.5,0.5789,1826.2,1.7367,1.3863
290.4,0,96.2,168.1,9.4,961.2,865,14,34.67,0.5789,1826.2,8.1046,2.7081
290.4,0,96.2,168.1,9.4,961.2,865,28,34.74,0.5789,1826.2,16.2092,3.3673
290.4,0,96.2,168.1,9.4,961.2,865,56,45.08,0.5789,1826.2,32.4184,4.0431
290.4,0,96.2,168.1,9.4,961.2,865,100,48.97,0.5789,1826.2,57.89,4.6151
277.1,0,97.4,160.6,11.8,973.9,875.6,3,23.14,0.5796,1849.5,1.7388,1.3863
277.1,0,97.4,160.6,11.8,973.9,875.6,14,41.89,0.5796,1849.5,8.1144,2.7081
277.1,0,97.4,160.6,11.8,973.9,875.6,28,48.28,0.5796,1849.5,16.2288,3.3673
277.1,0,97.4,160.6,11.8,973.9,875.6,56,51.04,0.5796,1849.5,32.4576,4.0431
277.1,0,97.4,160.6,11.8,973.9,875.6,100,55.64,0.5796,1849.5,57.96,4.6151
295.7,0,95.6,171.5,8.9,955.1,859.2,3,22.95,0.5800,1814.3,1.74,1.3863
295.7,0,95.6,171.5,8.9,955.1,859.2,14,35.23,0.5800,1814.3,8.12,2.7081
295.7,0,95.6,171.5,8.9,955.1,859.2,28,39.94,0.5800,1814.3,16.24,3.3673
295.7,0,95.6,171.5,8.9,955.1,859.2,56,48.72,0.5800,1814.3,32.48,4.0431
295.7,0,95.6,171.5,8.9,955.1,859.2,100,52.04,0.5800,1814.3,58,4.6151
251.8,0,99.9,146.1,12.4,1006,899.8,3,21.02,0.5802,1905.8,1.7406,1.3863
251.8,0,99.9,146.1,12.4,1006,899.8,14,33.36,0.5802,1905.8,8.1228,2.7081
251.8,0,99.9,146.1,12.4,1006,899.8,28,33.94,0.5802,1905.8,16.2456,3.3673
251.8,0,99.9,146.1,12.4,1006,899.8,56,44.14,0.5802,1905.8,32.4912,4.0431
251.8,0,99.9,146.1,12.4,1006,899.8,100,45.37,0.5802,1905.8,58.02,4.6151
249.1,0,98.8,158.1,12.8,987.8,889,3,15.36,0.6347,1876.8,1.9041,1.3863
249.1,0,98.8,158.1,12.8,987.8,889,14,28.68,0.6347,1876.8,8.8858,2.7081
249.1,0,98.8,158.1,12.8,987.8,889,28,30.85,0.6347,1876.8,17.7716,3.3673
249.1,0,98.8,158.1,12.8,987.8,889,56,42.03,0.6347,1876.8,35.5432,4.0431
249.1,0,98.8,158.1,12.8,987.8,889,100,51.06,0.6347,1876.8,63.47,4.6151
252.3,0,98.8,146.3,14.2,987.8,889,3,21.78,0.5799,1876.8,1.7397,1.3863
252.3,0,98.8,146.3,14.2,987.8,889,14,42.29,0.5799,1876.8,8.1186,2.7081
252.3,0,98.8,146.3,14.2,987.8,889,28,50.6,0.5799,1876.8,16.2372,3.3673
252.3,0,98.8,146.3,14.2,987.8,889,56,55.83,0.5799,1876.8,32.4744,4.0431
252.3,0,98.8,146.3,14.2,987.8,889,100,60.95,0.5799,1876.8,57.99,4.6151
246.8,0,125.1,143.3,12,1086.8,800.9,3,23.52,0.5806,1887.7,1.7418,1.3863
246.8,0,125.1,143.3,12,1086.8,800.9,14,42.22,0.5806,1887.7,8.1284,2.7081
246.8,0,125.1,143.3,12,1086.8,800.9,28,52.5,0.5806,1887.7,16.2568,3.3673
246.8,0,125.1,143.3,12,1086.8,800.9,56,60.32,0.5806,1887.7,32.5136,4.0431
246.8,0,125.1,143.3,12,1086.8,800.9,100,66.42,0.5806,1887.7,58.06,4.6151
275.1,0,121.4,159.5,9.9,1053.6,777.5,3,23.8,0.5798,1831.1,1.7394,1.3863
275.1,0,121.4,159.5,9.9,1053.6,777.5,14,38.77,0.5798,1831.1,8.1172,2.7081
275.1,0,121.4,159.5,9.9,1053.6,777.5,28,51.33,0.5798,1831.1,16.2344,3.3673
275.1,0,121.4,159.5,9.9,1053.6,777.5,56,56.85,0.5798,1831.1,32.4688,4.0431
275.1,0,121.4,159.5,9.9,1053.6,777.5,100,58.61,0.5798,1831.1,57.98,4.6151
297.2,0,117.5,174.8,9.5,1022.8,753.5,3,21.91,0.5882,1776.3,1.7646,1.3863
297.2,0,117.5,174.8,9.5,1022.8,753.5,14,36.99,0.5882,1776.3,8.2348,2.7081
297.2,0,117.5,174.8,9.5,1022.8,753.5,28,47.4,0.5882,1776.3,16.4696,3.3673
297.2,0,117.5,174.8,9.5,1022.8,753.5,56,51.96,0.5882,1776.3,32.9392,4.0431
297.2,0,117.5,174.8,9.5,1022.8,753.5,100,56.74,0.5882,1776.3,58.82,4.6151
213.7,0,174.7,154.8,10.2,1053.5,776.4,3,17.57,0.7244,1829.9,2.1732,1.3863
213.7,0,174.7,154.8,10.2,1053.5,776.4,14,33.73,0.7244,1829.9,10.1416,2.7081
213.7,0,174.7,154.8,10.2,1053.5,776.4,28,40.15,0.7244,1829.9,20.2832,3.3673
213.7,0,174.7,154.8,10.2,1053.5,776.4,56,46.64,0.7244,1829.9,40.5664,4.0431
213.7,0,174.7,154.8,10.2,1053.5,776.4,100,50.08,0.7244,1829.9,72.44,4.6151
213.5,0,174.2,154.6,11.7,1052.3,775.5,3,17.37,0.7241,1827.8,2.1723,1.3863
213.5,0,174.2,154.6,11.7,1052.3,775.5,14,33.7,0.7241,1827.8,10.1374,2.7081
213.5,0,174.2,154.6,11.7,1052.3,775.5,28,45.94,0.7241,1827.8,20.2748,3.3673
213.5,0,174.2,154.6,11.7,1052.3,775.5,56,51.43,0.7241,1827.8,40.5496,4.0431
213.5,0,174.2,154.6,11.7,1052.3,775.5,100,59.3,0.7241,1827.8,72.41,4.6151
277.2,97.8,24.5,160.7,11.2,1061.7,782.5,3,30.45,0.5797,1844.2,1.7391,1.3863
277.2,97.8,24.5,160.7,11.2,1061.7,782.5,14,47.71,0.5797,1844.2,8.1158,2.7081
277.2,97.8,24.5,160.7,11.2,1061.7,782.5,28,63.14,0.5797,1844.2,16.2316,3.3673
277.2,97.8,24.5,160.7,11.2,1061.7,782.5,56,66.82,0.5797,1844.2,32.4632,4.0431
277.2,97.8,24.5,160.7,11.2,1061.7,782.5,100,66.95,0.5797,1844.2,57.97,4.6151
218.2,54.6,123.8,140.8,11.9,1075.7,792.7,3,27.42,0.6453,1868.4,1.9359,1.3863
218.2,54.6,123.8,140.8,11.9,1075.7,792.7,14,35.96,0.6453,1868.4,9.0342,2.7081
218.2,54.6,123.8,140.8,11.9,1075.7,792.7,28,55.51,0.6453,1868.4,18.0684,3.3673
218.2,54.6,123.8,140.8,11.9,1075.7,792.7,56,61.99,0.6453,1868.4,36.1368,4.0431
218.2,54.6,123.8,140.8,11.9,1075.7,792.7,100,63.53,0.6453,1868.4,64.53,4.6151
214.9,53.8,121.9,155.6,9.6,1014.3,780.6,3,18.02,0.7241,1794.9,2.1723,1.3863
214.9,53.8,121.9,155.6,9.6,1014.3,780.6,14,38.6,0.7241,1794.9,10.1374,2.7081
214.9,53.8,121.9,155.6,9.6,1014.3,780.6,28,52.2,0.7241,1794.9,20.2748,3.3673
214.9,53.8,121.9,155.6,9.6,1014.3,780.6,56,53.96,0.7241,1794.9,40.5496,4.0431
214.9,53.8,121.9,155.6,9.6,1014.3,780.6,100,56.63,0.7241,1794.9,72.41,4.6151
218.9,0,124.1,158.5,11.3,1078.7,794.9,3,15.34,0.7241,1873.6,2.1723,1.3863
218.9,0,124.1,158.5,11.3,1078.7,794.9,14,26.05,0.7241,1873.6,10.1374,2.7081
218.9,0,124.1,158.5,11.3,1078.7,794.9,28,30.22,0.7241,1873.6,20.2748,3.3673
218.9,0,124.1,158.5,11.3,1078.7,794.9,56,37.27,0.7241,1873.6,40.5496,4.0431
218.9,0,124.1,158.5,11.3,1078.7,794.9,100,46.23,0.7241,1873.6,72.41,4.6151
376,0,0,214.6,0,1003.5,762.4,3,16.28,0.5707,1765.9,1.7121,1.3863
376,0,0,214.6,0,1003.5,762.4,14,25.62,0.5707,1765.9,7.9898,2.7081
376,0,0,214.6,0,1003.5,762.4,28,31.97,0.5707,1765.9,15.9796,3.3673
376,0,0,214.6,0,1003.5,762.4,56,36.3,0.5707,1765.9,31.9592,4.0431
376,0,0,214.6,0,1003.5,762.4,100,43.06,0.5707,1765.9,57.07,4.6151
500,0,0,140,4,966,853,28,67.57,0.28,1819,7.84,3.3673
475,0,59,142,1.9,1098,641,28,57.23,0.2989,1739,8.3692,3.3673
315,137,0,145,5.9,1130,745,28,81.75,0.4603,1875,12.8884,3.3673
505,0,60,195,0,1030,630,28,64.02,0.3861,1660,10.8108,3.3673
451,0,0,165,11.3,1030,745,28,78.8,0.3659,1775,10.2452,3.3673
516,0,0,162,8.2,801,802,28,41.37,0.3140,1603,8.792,3.3673
520,0,0,170,5.2,855,855,28,60.28,0.3269,1710,9.1532,3.3673
528,0,0,185,6.9,920,720,28,56.83,0.3504,1640,9.8112,3.3673
520,0,0,175,5.2,870,805,28,51.02,0.3365,1675,9.422,3.3673
385,0,136,158,20,903,768,28,55.55,0.4104,1671,11.4912,3.3673
500.1,0,0,200,3,1124.4,613.2,28,44.13,0.3999,1737.6,11.1972,3.3673
450.1,50,0,200,3,1124.4,613.2,28,39.38,0.4443,1737.6,12.4404,3.3673
397,17.2,158,167,20.8,967,633,28,55.65,0.4207,1600,11.7796,3.3673
333,17.5,163,167,17.9,996,652,28,47.28,0.5015,1648,14.042,3.3673
334,17.6,158,189,15.3,967,633,28,44.33,0.5659,1600,15.8452,3.3673
405,0,0,175,0,1120,695,28,52.3,0.4321,1815,12.0988,3.3673
200,200,0,190,0,1145,660,28,49.25,0.95,1805,26.6,3.3673
516,0,0,162,8.3,801,802,28,41.37,0.3140,1603,8.792,3.3673
145,116,119,184,5.7,833,880,28,29.16,1.2690,1713,35.532,3.3673
160,128,122,182,6.4,824,879,28,39.4,1.1375,1703,31.85,3.3673
234,156,0,189,5.9,981,760,28,39.3,0.8077,1741,22.6156,3.3673
250,180,95,159,9.5,860,800,28,67.87,0.636,1660,17.808,3.3673
475,0,0,162,9.5,1044,662,28,58.52,0.3411,1706,9.5508,3.3673
285,190,0,163,7.6,1031,685,28,53.58,0.5719,1716,16.0132,3.3673
356,119,0,160,9,1061,657,28,59,0.4494,1718,12.5832,3.3673
275,180,120,162,10.4,830,765,28,76.24,0.5891,1595,16.4948,3.3673
500,0,0,151,9,1033,655,28,69.84,0.302,1688,8.456,3.3673
165,0,143.6,163.8,0,1005.6,900.9,3,14.4,0.9927,1906.5,2.9781,1.3863
165,128.5,132.1,175.1,8.1,1005.8,746.6,3,19.42,1.0612,1752.4,3.1836,1.3863
178,129.8,118.6,179.9,3.6,1007.3,746.8,3,20.73,1.0107,1754.1,3.0321,1.3863
167.4,129.9,128.6,175.5,7.8,1006.3,746.6,3,14.94,1.0484,1752.9,3.1452,1.3863
172.4,13.6,172.4,156.8,4.1,1006.3,856.4,3,21.29,0.9095,1862.7,2.7285,1.3863
173.5,50.1,173.5,164.8,6.5,1006.2,793.5,3,23.08,0.9499,1799.7,2.8497,1.3863
167,75.4,167,164,7.9,1007.3,770.1,3,15.52,0.9820,1777.4,2.946,1.3863
173.8,93.4,159.9,172.3,9.7,1007.2,746.6,3,15.82,0.9914,1753.8,2.9742,1.3863
190.3,0,125.2,166.6,9.9,1079,798.9,3,12.55,0.8755,1877.9,2.6265,1.3863
250,0,95.7,191.8,5.3,948.9,857.2,3,8.49,0.7672,1806.1,2.3016,1.3863
213.5,0,174.2,159.2,11.7,1043.6,771.9,3,15.61,0.7457,1815.5,2.2371,1.3863
194.7,0,100.5,170.2,7.5,998,901.8,3,12.18,0.8742,1899.8,2.6226,1.3863
251.4,0,118.3,192.9,5.8,1043.6,754.3,3,11.98,0.7673,1797.9,2.3019,1.3863
165,0,143.6,163.8,0,1005.6,900.9,14,16.88,0.9927,1906.5,13.8978,2.7081
165,128.5,132.1,175.1,8.1,1005.8,746.6,14,33.09,1.0612,1752.4,14.8568,2.7081
178,129.8,118.6,179.9,3.6,1007.3,746.8,14,34.24,1.0107,1754.1,14.1498,2.7081
167.4,129.9,128.6,175.5,7.8,1006.3,746.6,14,31.81,1.0484,1752.9,14.6776,2.7081
172.4,13.6,172.4,156.8,4.1,1006.3,856.4,14,29.75,0.9095,1862.7,12.733,2.7081
173.5,50.1,173.5,164.8,6.5,1006.2,793.5,14,33.01,0.9499,1799.7,13.2986,2.7081
167,75.4,167,164,7.9,1007.3,770.1,14,32.9,0.9820,1777.4,13.748,2.7081
173.8,93.4,159.9,172.3,9.7,1007.2,746.6,14,29.55,0.9914,1753.8,13.8796,2.7081
190.3,0,125.2,166.6,9.9,1079,798.9,14,19.42,0.8755,1877.9,12.257,2.7081
250,0,95.7,191.8,5.3,948.9,857.2,14,24.66,0.7672,1806.1,10.7408,2.7081
213.5,0,174.2,159.2,11.7,1043.6,771.9,14,29.59,0.7457,1815.5,10.4398,2.7081
194.7,0,100.5,170.2,7.5,998,901.8,14,24.28,0.8742,1899.8,12.2388,2.7081
251.4,0,118.3,192.9,5.8,1043.6,754.3,14,20.73,0.7673,1797.9,10.7422,2.7081
165,0,143.6,163.8,0,1005.6,900.9,28,26.2,0.9927,1906.5,27.7956,3.3673
165,128.5,132.1,175.1,8.1,1005.8,746.6,28,46.39,1.0612,1752.4,29.7136,3.3673
178,129.8,118.6,179.9,3.6,1007.3,746.8,28,39.16,1.0107,1754.1,28.2996,3.3673
167.4,129.9,128.6,175.5,7.8,1006.3,746.6,28,41.2,1.0484,1752.9,29.3552,3.3673
172.4,13.6,172.4,156.8,4.1,1006.3,856.4,28,33.69,0.9095,1862.7,25.466,3.3673
173.5,50.1,173.5,164.8,6.5,1006.2,793.5,28,38.2,0.9499,1799.7,26.5972,3.3673
167,75.4,167,164,7.9,1007.3,770.1,28,41.41,0.9820,1777.4,27.496,3.3673
173.8,93.4,159.9,172.3,9.7,1007.2,746.6,28,37.81,0.9914,1753.8,27.7592,3.3673
190.3,0,125.2,166.6,9.9,1079,798.9,28,24.85,0.8755,1877.9,24.514,3.3673
250,0,95.7,191.8,5.3,948.9,857.2,28,27.22,0.7672,1806.1,21.4816,3.3673
213.5,0,174.2,159.2,11.7,1043.6,771.9,28,44.64,0.7457,1815.5,20.8796,3.3673
194.7,0,100.5,170.2,7.5,998,901.8,28,37.27,0.8742,1899.8,24.4776,3.3673
251.4,0,118.3,192.9,5.8,1043.6,754.3,28,33.27,0.7673,1797.9,21.4844,3.3673
165,0,143.6,163.8,0,1005.6,900.9,56,36.56,0.9927,1906.5,55.5912,4.0431
165,128.5,132.1,175.1,8.1,1005.8,746.6,56,53.72,1.0612,1752.4,59.4272,4.0431
178,129.8,118.6,179.9,3.6,1007.3,746.8,56,48.59,1.0107,1754.1,56.5992,4.0431
167.4,129.9,128.6,175.5,7.8,1006.3,746.6,56,51.72,1.0484,1752.9,58.7104,4.0431
172.4,13.6,172.4,156.8,4.1,1006.3,856.4,56,35.85,0.9095,1862.7,50.932,4.0431
173.5,50.1,173.5,164.8,6.5,1006.2,793.5,56,53.77,0.9499,1799.7,53.1944,4.0431
167,75.4,167,164,7.9,1007.3,770.1,56,53.46,0.9820,1777.4,54.992,4.0431
173.8,93.4,159.9,172.3,9.7,1007.2,746.6,56,48.99,0.9914,1753.8,55.5184,4.0431
190.3,0,125.2,166.6,9.9,1079,798.9,56,31.72,0.8755,1877.9,49.028,4.0431
250,0,95.7,191.8,5.3,948.9,857.2,56,39.64,0.7672,1806.1,42.9632,4.0431
213.5,0,174.2,159.2,11.7,1043.6,771.9,56,51.26,0.7457,1815.5,41.7592,4.0431
194.7,0,100.5,170.2,7.5,998,901.8,56,43.39,0.8742,1899.8,48.9552,4.0431
251.4,0,118.3,192.9,5.8,1043.6,754.3,56,39.27,0.7673,1797.9,42.9688,4.0431
165,0,143.6,163.8,0,1005.6,900.9,100,37.96,0.9927,1906.5,99.27,4.6151
165,128.5,132.1,175.1,8.1,1005.8,746.6,100,55.02,1.0612,1752.4,106.12,4.6151
178,129.8,118.6,179.9,3.6,1007.3,746.8,100,49.99,1.0107,1754.1,101.07,4.6151
167.4,129.9,128.6,175.5,7.8,1006.3,746.6,100,53.66,1.0484,1752.9,104.84,4.6151
172.4,13.6,172.4,156.8,4.1,1006.3,856.4,100,37.68,0.9095,1862.7,90.95,4.6151
173.5,50.1,173.5,164.8,6.5,1006.2,793.5,100,56.06,0.9499,1799.7,94.99,4.6151
167,75.4,167,164,7.9,1007.3,770.1,100,56.81,0.9820,1777.4,98.2,4.6151
173.8,93.4,159.9,172.3,9.7,1007.2,746.6,100,50.94,0.9914,1753.8,99.14,4.6151
190.3,0,125.2,166.6,9.9,1079,798.9,100,33.56,0.8755,1877.9,87.55,4.6151
250,0,95.7,191.8,5.3,948.9,857.2,100,41.16,0.7672,1806.1,76.72,4.6151
213.5,0,174.2,159.2,11.7,1043.6,771.9,100,52.96,0.7457,1815.5,74.57,4.6151
194.7,0,100.5,170.2,7.5,998,901.8,100,44.28,0.8742,1899.8,87.42,4.6151
251.4,0,118.3,192.9,5.8,1043.6,754.3,100,40.15,0.7673,1797.9,76.73,4.6151
446,24,79,162,11.6,967,712,28,57.03,0.3632,1679,10.1696,3.3673
446,24,79,162,11.6,967,712,28,44.42,0.3632,1679,10.1696,3.3673
446,24,79,162,11.6,967,712,28,51.02,0.3632,1679,10.1696,3.3673
446,24,79,162,10.3,967,712,28,53.39,0.3632,1679,10.1696,3.3673
446,24,79,162,11.6,967,712,3,35.36,0.3632,1679,1.0896,1.3863
446,24,79,162,11.6,967,712,3,25.02,0.3632,1679,1.0896,1.3863
446,24,79,162,11.6,967,712,3,23.35,0.3632,1679,1.0896,1.3863
446,24,79,162,11.6,967,712,7,52.01,0.3632,1679,2.5424,2.0794
446,24,79,162,11.6,967,712,7,38.02,0.3632,1679,2.5424,2.0794
446,24,79,162,11.6,967,712,7,39.3,0.3632,1679,2.5424,2.0794
446,24,79,162,11.6,967,712,56,61.07,0.3632,1679,20.3392,4.0431
446,24,79,162,11.6,967,712,56,56.14,0.3632,1679,20.3392,4.0431
446,24,79,162,11.6,967,712,56,55.25,0.3632,1679,20.3392,4.0431
446,24,79,162,10.3,967,712,56,54.77,0.3632,1679,20.3392,4.0431
387,20,94,157,14.3,938,845,28,50.24,0.4057,1783,11.3596,3.3673
387,20,94,157,13.9,938,845,28,46.68,0.4057,1783,11.3596,3.3673
387,20,94,157,11.6,938,845,28,46.68,0.4057,1783,11.3596,3.3673
387,20,94,157,14.3,938,845,3,22.75,0.4057,1783,1.2171,1.3863
387,20,94,157,13.9,938,845,3,25.51,0.4057,1783,1.2171,1.3863
387,20,94,157,11.6,938,845,3,34.77,0.4057,1783,1.2171,1.3863
387,20,94,157,14.3,938,845,7,36.84,0.4057,1783,2.8399,2.0794
387,20,94,157,13.9,938,845,7,45.9,0.4057,1783,2.8399,2.0794
387,20,94,157,11.6,938,845,7,41.67,0.4057,1783,2.8399,2.0794
387,20,94,157,14.3,938,845,56,56.34,0.4057,1783,22.7192,4.0431
387,20,94,157,13.9,938,845,56,47.97,0.4057,1783,22.7192,4.0431
387,20,94,157,11.6,938,845,56,61.46,0.4057,1783,22.7192,4.0431
355,19,97,145,13.1,967,871,28,44.03,0.4085,1838,11.438,3.3673
355,19,97,145,12.3,967,871,28,55.45,0.4085,1838,11.438,3.3673
491,26,123,210,3.9,882,699,28,55.55,0.4277,1581,11.9756,3.3673
491,26,123,201,3.9,822,699,28,57.92,0.4094,1521,11.4632,3.3673
491,26,123,210,3.9,882,699,3,25.61,0.4277,1581,1.2831,1.3863
491,26,123,210,3.9,882,699,7,33.49,0.4277,1581,2.9939,2.0794
491,26,123,210,3.9,882,699,56,59.59,0.4277,1581,23.9512,4.0431
491,26,123,201,3.9,822,699,3,29.55,0.4094,1521,1.2282,1.3863
491,26,123,201,3.9,822,699,7,37.92,0.4094,1521,2.8658,2.0794
491,26,123,201,3.9,822,699,56,61.86,0.4094,1521,22.9264,4.0431
424,22,132,178,8.5,822,750,28,62.05,0.4198,1572,11.7544,3.3673
424,22,132,178,8.5,882,750,3,32.01,0.4198,1632,1.2594,1.3863
424,22,132,168,8.9,822,750,28,72.1,0.3962,1572,11.0936,3.3673
424,22,132,178,8.5,822,750,7,39,0.4198,1572,2.9386,2.0794
424,22,132,178,8.5,822,750,56,65.7,0.4198,1572,23.5088,4.0431
424,22,132,168,8.9,822,750,3,32.11,0.3962,1572,1.1886,1.3863
424,22,132,168,8.9,822,750,7,40.29,0.3962,1572,2.7734,2.0794
424,22,132,168,8.9,822,750,56,74.36,0.3962,1572,22.1872,4.0431
202,11,141,206,1.7,942,801,28,21.97,1.0198,1743,28.5544,3.3673
202,11,141,206,1.7,942,801,3,9.85,1.0198,1743,3.0594,1.3863
202,11,141,206,1.7,942,801,7,15.07,1.0198,1743,7.1386,2.0794
202,11,141,206,1.7,942,801,56,23.25,1.0198,1743,57.1088,4.0431
284,15,141,179,5.5,842,801,28,43.73,0.6303,1643,17.6484,3.3673
284,15,141,179,5.5,842,801,3,13.4,0.6303,1643,1.8909,1.3863
284,15,141,179,5.5,842,801,7,24.13,0.6303,1643,4.4121,2.0794
284,15,141,179,5.5,842,801,56,44.52,0.6303,1643,35.2968,4.0431
359,19,141,154,10.9,942,801,28,62.94,0.4290,1743,12.012,3.3673
359,19,141,154,10.9,942,801,28,59.49,0.4290,1743,12.012,3.3673
359,19,141,154,10.9,942,801,3,25.12,0.4290,1743,1.287,1.3863
359,19,141,154,10.9,942,801,3,23.64,0.4290,1743,1.287,1.3863
359,19,141,154,10.9,942,801,7,35.75,0.4290,1743,3.003,2.0794
359,19,141,154,10.9,942,801,7,38.61,0.4290,1743,3.003,2.0794
359,19,141,154,10.9,942,801,56,68.75,0.4290,1743,24.024,4.0431
359,19,141,154,10.9,942,801,56,66.78,0.4290,1743,24.024,4.0431
436,0,0,218,0,838.4,719.7,28,23.85,0.5,1558.1,14,3.3673
289,0,0,192,0,913.2,895.3,90,32.07,0.6644,1808.5,59.796,4.5109
289,0,0,192,0,913.2,895.3,3,11.65,0.6644,1808.5,1.9932,1.3863
393,0,0,192,0,940.6,785.6,3,19.2,0.4885,1726.2,1.4655,1.3863
393,0,0,192,0,940.6,785.6,90,48.85,0.4885,1726.2,43.965,4.5109
393,0,0,192,0,940.6,785.6,28,39.6,0.4885,1726.2,13.678,3.3673
480,0,0,192,0,936.2,712.2,28,43.94,0.4,1648.4,11.2,3.3673
480,0,0,192,0,936.2,712.2,7,34.57,0.4,1648.4,2.8,2.0794
480,0,0,192,0,936.2,712.2,90,54.32,0.4,1648.4,36,4.5109
480,0,0,192,0,936.2,712.2,3,24.4,0.4,1648.4,1.2,1.3863
333,0,0,192,0,931.2,842.6,3,15.62,0.5766,1773.8,1.7298,1.3863
255,0,0,192,0,889.8,945,90,21.86,0.7529,1834.8,67.761,4.5109
255,0,0,192,0,889.8,945,7,10.22,0.7529,1834.8,5.2703,2.0794
289,0,0,192,0,913.2,895.3,7,14.6,0.6644,1808.5,4.6508,2.0794
255,0,0,192,0,889.8,945,28,18.75,0.7529,1834.8,21.0812,3.3673
333,0,0,192,0,931.2,842.6,28,31.97,0.5766,1773.8,16.1448,3.3673
333,0,0,192,0,931.2,842.6,7,23.4,0.5766,1773.8,4.0362,2.0794
289,0,0,192,0,913.2,895.3,28,25.57,0.6644,1808.5,18.6032,3.3673
333,0,0,192,0,931.2,842.6,90,41.68,0.5766,1773.8,51.894,4.5109
393,0,0,192,0,940.6,785.6,7,27.74,0.4885,1726.2,3.4195,2.0794
255,0,0,192,0,889.8,945,3,8.2,0.7529,1834.8,2.2587,1.3863
158.8,238.2,0,185.7,0,1040.6,734.3,7,9.62,1.1694,1774.9,8.1858,2.0794
239.6,359.4,0,185.7,0,941.6,664.3,7,25.42,0.7750,1605.9,5.425,2.0794
238.2,158.8,0,185.7,0,1040.6,734.3,7,15.69,0.7796,1774.9,5.4572,2.0794
181.9,272.8,0,185.7,0,1012.4,714.3,28,27.94,1.0209,1726.7,28.5852,3.3673
193.5,290.2,0,185.7,0,998.2,704.3,28,32.63,0.9597,1702.5,26.8716,3.3673
255.5,170.3,0,185.7,0,1026.6,724.3,7,17.24,0.7268,1750.9,5.0876,2.0794
272.8,181.9,0,185.7,0,1012.4,714.3,7,19.77,0.6807,1726.7,4.7649,2.0794
239.6,359.4,0,185.7,0,941.6,664.3,28,39.44,0.7750,1605.9,21.7,3.3673
220.8,147.2,0,185.7,0,1055,744.3,28,25.75,0.8410,1799.3,23.548,3.3673
397,0,0,185.7,0,1040.6,734.3,28,33.08,0.4678,1774.9,13.0984,3.3673
382.5,0,0,185.7,0,1047.8,739.3,7,24.07,0.4855,1787.1,3.3985,2.0794
210.7,316.1,0,185.7,0,977,689.3,7,21.82,0.8813,1666.3,6.1691,2.0794
158.8,238.2,0,185.7,0,1040.6,734.3,28,21.07,1.1694,1774.9,32.7432,3.3673
295.8,0,0,185.7,0,1091.4,769.3,7,14.84,0.6278,1860.7,4.3946,2.0794
255.5,170.3,0,185.7,0,1026.6,724.3,28,32.05,0.7268,1750.9,20.3504,3.3673
203.5,135.7,0,185.7,0,1076.2,759.3,7,11.96,0.9125,1835.5,6.3875,2.0794
397,0,0,185.7,0,1040.6,734.3,7,25.45,0.4678,1774.9,3.2746,2.0794
381.4,0,0,185.7,0,1104.6,784.3,28,22.49,0.4869,1888.9,13.6332,3.3673
295.8,0,0,185.7,0,1091.4,769.3,28,25.22,0.6278,1860.7,17.5784,3.3673
228,342.1,0,185.7,0,955.8,674.3,28,39.7,0.8145,1630.1,22.806,3.3673
220.8,147.2,0,185.7,0,1055,744.3,7,13.09,0.8410,1799.3,5.887,2.0794
316.1,210.7,0,185.7,0,977,689.3,28,38.7,0.5875,1666.3,16.45,3.3673
135.7,203.5,0,185.7,0,1076.2,759.3,7,7.51,1.3685,1835.5,9.5795,2.0794
238.1,0,0,185.7,0,1118.8,789.3,28,17.58,0.7799,1908.1,21.8372,3.3673
339.2,0,0,185.7,0,1069.2,754.3,7,21.18,0.5475,1823.5,3.8325,2.0794
135.7,203.5,0,185.7,0,1076.2,759.3,28,18.2,1.3685,1835.5,38.318,3.3673
193.5,290.2,0,185.7,0,998.2,704.3,7,17.2,0.9597,1702.5,6.7179,2.0794
203.5,135.7,0,185.7,0,1076.2,759.3,28,22.63,0.9125,1835.5,25.55,3.3673
290.2,193.5,0,185.7,0,998.2,704.3,7,21.86,0.6399,1702.5,4.4793,2.0794
181.9,272.8,0,185.7,0,1012.4,714.3,7,12.37,1.0209,1726.7,7.1463,2.0794
170.3,155.5,0,185.7,0,1026.6,724.3,28,25.73,1.0904,1750.9,30.5312,3.3673
210.7,316.1,0,185.7,0,977,689.3,28,37.81,0.8813,1666.3,24.6764,3.3673
228,342.1,0,185.7,0,955.8,674.3,7,21.92,0.8145,1630.1,5.7015,2.0794
290.2,193.5,0,185.7,0,998.2,704.3,28,33.04,0.6399,1702.5,17.9172,3.3673
381.4,0,0,185.7,0,1104.6,784.3,7,14.54,0.4869,1888.9,3.4083,2.0794
238.2,158.8,0,185.7,0,1040.6,734.3,28,26.91,0.7796,1774.9,21.8288,3.3673
186.2,124.1,0,185.7,0,1083.4,764.3,7,8,0.9973,1847.7,6.9811,2.0794
339.2,0,0,185.7,0,1069.2,754.3,28,31.9,0.5475,1823.5,15.33,3.3673
238.1,0,0,185.7,0,1118.8,789.3,7,10.34,0.7799,1908.1,5.4593,2.0794
252.5,0,0,185.7,0,1111.6,784.3,28,19.77,0.7354,1895.9,20.5912,3.3673
382.5,0,0,185.7,0,1047.8,739.3,28,37.44,0.4855,1787.1,13.594,3.3673
252.5,0,0,185.7,0,1111.6,784.3,7,11.48,0.7354,1895.9,5.1478,2.0794
316.1,210.7,0,185.7,0,977,689.3,7,24.44,0.5875,1666.3,4.1125,2.0794
186.2,124.1,0,185.7,0,1083.4,764.3,28,17.6,0.9973,1847.7,27.9244,3.3673
170.3,155.5,0,185.7,0,1026.6,724.3,7,10.73,1.0904,1750.9,7.6328,2.0794
272.8,181.9,0,185.7,0,1012.4,714.3,28,31.38,0.6807,1726.7,19.0596,3.3673
339,0,0,197,0,968,781,3,13.22,0.5811,1749,1.7433,1.3863
339,0,0,197,0,968,781,7,20.97,0.5811,1749,4.0677,2.0794
339,0,0,197,0,968,781,14,27.04,0.5811,1749,8.1354,2.7081
339,0,0,197,0,968,781,28,32.04,0.5811,1749,16.2708,3.3673
339,0,0,197,0,968,781,90,35.17,0.5811,1749,52.299,4.5109
339,0,0,197,0,968,781,180,36.45,0.5811,1749,104.598,5.1985
339,0,0,197,0,968,781,365,38.89,0.5811,1749,212.1015,5.9026
236,0,0,194,0,968,885,3,6.47,0.8220,1853,2.466,1.3863
236,0,0,194,0,968,885,14,12.84,0.8220,1853,11.508,2.7081
236,0,0,194,0,968,885,28,18.42,0.8220,1853,23.016,3.3673
236,0,0,194,0,968,885,90,21.95,0.8220,1853,73.98,4.5109
236,0,0,193,0,968,885,180,24.1,0.8178,1853,147.204,5.1985
236,0,0,193,0,968,885,365,25.08,0.8178,1853,298.497,5.9026
277,0,0,191,0,968,856,14,21.26,0.6895,1824,9.653,2.7081
277,0,0,191,0,968,856,28,25.97,0.6895,1824,19.306,3.3673
277,0,0,191,0,968,856,3,11.36,0.6895,1824,2.0685,1.3863
277,0,0,191,0,968,856,90,31.25,0.6895,1824,62.055,4.5109
277,0,0,191,0,968,856,180,32.33,0.6895,1824,124.11,5.1985
277,0,0,191,0,968,856,360,33.7,0.6895,1824,248.22,5.8889
254,0,0,198,0,968,863,3,9.31,0.7795,1831,2.3385,1.3863
254,0,0,198,0,968,863,90,26.94,0.7795,1831,70.155,4.5109
254,0,0,198,0,968,863,180,27.63,0.7795,1831,140.31,5.1985
254,0,0,198,0,968,863,365,29.79,0.7795,1831,284.5175,5.9026
307,0,0,193,0,968,812,180,34.49,0.6287,1780,113.166,5.1985
307,0,0,193,0,968,812,365,36.15,0.6287,1780,229.4755,5.9026
307,0,0,193,0,968,812,3,12.54,0.6287,1780,1.8861,1.3863
307,0,0,193,0,968,812,28,27.53,0.6287,1780,17.6036,3.3673
307,0,0,193,0,968,812,90,32.92,0.6287,1780,56.583,4.5109
236,0,0,193,0,968,885,7,9.99,0.8178,1853,5.7246,2.0794
200,0,0,180,0,1125,845,7,7.84,0.9,1970,6.3,2.0794
200,0,0,180,0,1125,845,28,12.25,0.9,1970,25.2,3.3673
225,0,0,181,0,1113,833,7,11.17,0.8044,1946,5.6308,2.0794
225,0,0,181,0,1113,833,28,17.34,0.8044,1946,22.5232,3.3673
325,0,0,184,0,1063,783,7,17.54,0.5662,1846,3.9634,2.0794
325,0,0,184,0,1063,783,28,30.57,0.5662,1846,15.8536,3.3673
275,0,0,183,0,1088,808,7,14.2,0.6655,1896,4.6585,2.0794
275,0,0,183,0,1088,808,28,24.5,0.6655,1896,18.634,3.3673
300,0,0,184,0,1075,795,7,15.58,0.6133,1870,4.2931,2.0794
300,0,0,184,0,1075,795,28,26.85,0.6133,1870,17.1724,3.3673
375,0,0,186,0,1038,758,7,26.06,0.496,1796,3.472,2.0794
375,0,0,186,0,1038,758,28,38.21,0.496,1796,13.888,3.3673
400,0,0,187,0,1025,745,28,43.7,0.4675,1770,13.09,3.3673
400,0,0,187,0,1025,745,7,30.14,0.4675,1770,3.2725,2.0794
250,0,0,182,0,1100,820,7,12.73,0.728,1920,5.096,2.0794
250,0,0,182,0,1100,820,28,20.87,0.728,1920,20.384,3.3673
350,0,0,186,0,1050,770,7,20.28,0.5314,1820,3.7198,2.0794
350,0,0,186,0,1050,770,28,34.29,0.5314,1820,14.8792,3.3673
203.5,305.3,0,203.5,0,963.4,630,7,19.54,1,1593.4,7,2.0794
250.2,166.8,0,203.5,0,977.6,694.1,90,47.71,0.8133,1671.7,73.197,4.5109
157,236,0,192,0,935.4,781.2,90,43.38,1.2229,1716.6,110.061,4.5109
141.3,212,0,203.5,0,971.8,748.5,28,29.89,1.4402,1720.3,40.3256,3.3673
166.8,250.2,0,203.5,0,975.6,692.6,3,6.9,1.2200,1668.2,3.66,1.3863
122.6,183.9,0,203.5,0,958.2,800.1,90,33.19,1.6599,1758.3,149.391,4.5109
183.9,122.6,0,203.5,0,959.2,800,3,4.9,1.1066,1759.2,3.3198,1.3863
102,153,0,192,0,887,942,3,4.57,1.8824,1829,5.6472,1.3863
102,153,0,192,0,887,942,90,25.46,1.8824,1829,169.416,4.5109
122.6,183.9,0,203.5,0,958.2,800.1,28,24.29,1.6599,1758.3,46.4772,3.3673
166.8,250.2,0,203.5,0,975.6,692.6,28,33.95,1.2200,1668.2,34.16,3.3673
200,133,0,192,0,965.4,806.2,3,11.41,0.96,1771.6,2.88,1.3863
108.3,162.4,0,203.5,0,938.2,849,28,20.59,1.8790,1787.2,52.612,3.3673
305.3,203.5,0,203.5,0,965.4,631,7,25.89,0.6666,1596.4,4.6662,2.0794
108.3,162.4,0,203.5,0,938.2,849,90,29.23,1.8790,1787.2,169.11,4.5109
116,173,0,192,0,909.8,891.9,90,31.02,1.6552,1801.7,148.968,4.5109
141.3,212,0,203.5,0,971.8,748.5,7,10.39,1.4402,1720.3,10.0814,2.0794
157,236,0,192,0,935.4,781.2,28,33.66,1.2229,1716.6,34.2412,3.3673
133,200,0,192,0,927.4,839.2,28,27.87,1.4436,1766.6,40.4208,3.3673
250.2,166.8,0,203.5,0,977.6,694.1,7,19.35,0.8133,1671.7,5.6931,2.0794
173,116,0,192,0,946.8,856.8,7,11.39,1.1098,1803.6,7.7686,2.0794
192,288,0,192,0,929.8,716.1,3,12.79,1,1645.9,3,1.3863
192,288,0,192,0,929.8,716.1,28,39.32,1,1645.9,28,3.3673
153,102,0,192,0,888,943.1,3,4.78,1.2549,1831.1,3.7647,1.3863
288,192,0,192,0,932,717.8,3,16.11,0.6667,1649.8,2.0001,1.3863
305.3,203.5,0,203.5,0,965.4,631,28,43.38,0.6666,1596.4,18.6648,3.3673
236,157,0,192,0,972.6,749.1,7,20.42,0.8136,1721.7,5.6952,2.0794
173,116,0,192,0,946.8,856.8,3,6.94,1.1098,1803.6,3.3294,1.3863
212,141.3,0,203.5,0,973.4,750,7,15.03,0.9599,1723.4,6.7193,2.0794
236,157,0,192,0,972.6,749.1,3,13.57,0.8136,1721.7,2.4408,1.3863
183.9,122.6,0,203.5,0,959.2,800,90,32.53,1.1066,1759.2,99.594,4.5109
166.8,250.2,0,203.5,0,975.6,692.6,7,15.75,1.2200,1668.2,8.54,2.0794
102,153,0,192,0,887,942,7,7.68,1.8824,1829,13.1768,2.0794
288,192,0,192,0,932,717.8,28,38.8,0.6667,1649.8,18.6676,3.3673
212,141.3,0,203.5,0,973.4,750,28,33,0.9599,1723.4,26.8772,3.3673
102,153,0,192,0,887,942,28,17.28,1.8824,1829,52.7072,3.3673
173,116,0,192,0,946.8,856.8,28,24.28,1.1098,1803.6,31.0744,3.3673
183.9,122.6,0,203.5,0,959.2,800,28,24.05,1.1066,1759.2,30.9848,3.3673
133,200,0,192,0,927.4,839.2,90,36.59,1.4436,1766.6,129.924,4.5109
192,288,0,192,0,929.8,716.1,90,50.73,1,1645.9,90,4.5109
133,200,0,192,0,927.4,839.2,7,13.66,1.4436,1766.6,10.1052,2.0794
305.3,203.5,0,203.5,0,965.4,631,3,14.14,0.6666,1596.4,1.9998,1.3863
236,157,0,192,0,972.6,749.1,90,47.78,0.8136,1721.7,73.224,4.5109
108.3,162.4,0,203.5,0,938.2,849,3,2.33,1.8790,1787.2,5.637,1.3863
157,236,0,192,0,935.4,781.2,7,16.89,1.2229,1716.6,8.5603,2.0794
288,192,0,192,0,932,717.8,7,23.52,0.6667,1649.8,4.6669,2.0794
212,141.3,0,203.5,0,973.4,750,3,6.81,0.9599,1723.4,2.8797,1.3863
212,141.3,0,203.5,0,973.4,750,90,39.7,0.9599,1723.4,86.391,4.5109
153,102,0,192,0,888,943.1,28,17.96,1.2549,1831.1,35.1372,3.3673
236,157,0,192,0,972.6,749.1,28,32.88,0.8136,1721.7,22.7808,3.3673
116,173,0,192,0,909.8,891.9,28,22.35,1.6552,1801.7,46.3456,3.3673
183.9,122.6,0,203.5,0,959.2,800,7,10.79,1.1066,1759.2,7.7462,2.0794
108.3,162.4,0,203.5,0,938.2,849,7,7.72,1.8790,1787.2,13.153,2.0794
203.5,305.3,0,203.5,0,963.4,630,28,41.68,1,1593.4,28,3.3673
203.5,305.3,0,203.5,0,963.4,630,3,9.56,1,1593.4,3,1.3863
133,200,0,192,0,927.4,839.2,3,6.88,1.4436,1766.6,4.3308,1.3863
288,192,0,192,0,932,717.8,90,50.53,0.6667,1649.8,60.003,4.5109
200,133,0,192,0,965.4,806.2,7,17.17,0.96,1771.6,6.72,2.0794
200,133,0,192,0,965.4,806.2,28,30.44,0.96,1771.6,26.88,3.3673
250.2,166.8,0,203.5,0,977.6,694.1,3,9.73,0.8133,1671.7,2.4399,1.3863
122.6,183.9,0,203.5,0,958.2,800.1,3,3.32,1.6599,1758.3,4.9797,1.3863
153,102,0,192,0,888,943.1,90,26.32,1.2549,1831.1,112.941,4.5109
200,133,0,192,0,965.4,806.2,90,43.25,0.96,1771.6,86.4,4.5109
116,173,0,192,0,909.8,891.9,3,6.28,1.6552,1801.7,4.9656,1.3863
173,116,0,192,0,946.8,856.8,90,32.1,1.1098,1803.6,99.882,4.5109
250.2,166.8,0,203.5,0,977.6,694.1,28,36.96,0.8133,1671.7,22.7724,3.3673
305.3,203.5,0,203.5,0,965.4,631,90,54.6,0.6666,1596.4,59.994,4.5109
192,288,0,192,0,929.8,716.1,7,21.48,1,1645.9,7,2.0794
157,236,0,192,0,935.4,781.2,3,9.69,1.2229,1716.6,3.6687,1.3863
153,102,0,192,0,888,943.1,7,8.37,1.2549,1831.1,8.7843,2.0794
141.3,212,0,203.5,0,971.8,748.5,90,39.66,1.4402,1720.3,129.618,4.5109
116,173,0,192,0,909.8,891.9,7,10.09,1.6552,1801.7,11.5864,2.0794
141.3,212,0,203.5,0,971.8,748.5,3,4.83,1.4402,1720.3,4.3206,1.3863
122.6,183.9,0,203.5,0,958.2,800.1,7,10.35,1.6599,1758.3,11.6193,2.0794
166.8,250.2,0,203.5,0,975.6,692.6,90,43.57,1.2200,1668.2,109.8,4.5109
203.5,305.3,0,203.5,0,963.4,630,90,51.86,1,1593.4,90,4.5109
310,0,0,192,0,1012,830,3,11.85,0.6194,1842,1.8582,1.3863
310,0,0,192,0,1012,830,7,17.24,0.6194,1842,4.3358,2.0794
310,0,0,192,0,1012,830,28,27.83,0.6194,1842,17.3432,3.3673
310,0,0,192,0,1012,830,90,35.76,0.6194,1842,55.746,4.5109
310,0,0,192,0,1012,830,120,38.7,0.6194,1842,74.328,4.7958
331,0,0,192,0,1025,821,3,14.31,0.5801,1846,1.7403,1.3863
331,0,0,192,0,1025,821,7,17.44,0.5801,1846,4.0607,2.0794
331,0,0,192,0,1025,821,28,31.74,0.5801,1846,16.2428,3.3673
331,0,0,192,0,1025,821,90,37.91,0.5801,1846,52.209,4.5109
331,0,0,192,0,1025,821,120,39.38,0.5801,1846,69.612,4.7958
349,0,0,192,0,1056,809,3,15.87,0.5501,1865,1.6503,1.3863
349,0,0,192,0,1056,809,7,9.01,0.5501,1865,3.8507,2.0794
349,0,0,192,0,1056,809,28,33.61,0.5501,1865,15.4028,3.3673
349,0,0,192,0,1056,809,90,40.66,0.5501,1865,49.509,4.5109
349,0,0,192,0,1056,809,120,40.86,0.5501,1865,66.012,4.7958
238,0,0,186,0,1119,789,7,12.05,0.7815,1908,5.4705,2.0794
238,0,0,186,0,1119,789,28,17.54,0.7815,1908,21.882,3.3673
296,0,0,186,0,1090,769,7,18.91,0.6284,1859,4.3988,2.0794
296,0,0,186,0,1090,769,28,25.18,0.6284,1859,17.5952,3.3673
297,0,0,186,0,1040,734,7,30.96,0.6263,1774,4.3841,2.0794
480,0,0,192,0,936,721,28,43.89,0.4,1657,11.2,3.3673
480,0,0,192,0,936,721,90,54.28,0.4,1657,36,4.5109
397,0,0,186,0,1040,734,28,36.94,0.4685,1774,13.118,3.3673
281,0,0,186,0,1104,774,7,14.5,0.6619,1878,4.6333,2.0794
281,0,0,185,0,1104,774,28,22.44,0.6584,1878,18.4352,3.3673
500,0,0,200,0,1125,613,1,12.64,0.4,1738,0.4,0.6931
500,0,0,200,0,1125,613,3,26.06,0.4,1738,1.2,1.3863
500,0,0,200,0,1125,613,7,33.21,0.4,1738,2.8,2.0794
500,0,0,200,0,1125,613,14,36.94,0.4,1738,5.6,2.7081
500,0,0,200,0,1125,613,28,44.09,0.4,1738,11.2,3.3673
540,0,0,173,0,1125,613,7,52.61,0.3204,1738,2.2428,2.0794
540,0,0,173,0,1125,613,14,59.76,0.3204,1738,4.4856,2.7081
540,0,0,173,0,1125,613,28,67.31,0.3204,1738,8.9712,3.3673
540,0,0,173,0,1125,613,90,69.66,0.3204,1738,28.836,4.5109
540,0,0,173,0,1125,613,180,71.62,0.3204,1738,57.672,5.1985
540,0,0,173,0,1125,613,270,74.17,0.3204,1738,86.508,5.6021
350,0,0,203,0,974,775,7,18.13,0.5800,1749,4.06,2.0794
350,0,0,203,0,974,775,14,22.53,0.5800,1749,8.12,2.7081
350,0,0,203,0,974,775,28,27.34,0.5800,1749,16.24,3.3673
350,0,0,203,0,974,775,56,29.98,0.5800,1749,32.48,4.0431
350,0,0,203,0,974,775,90,31.35,0.5800,1749,52.2,4.5109
350,0,0,203,0,974,775,180,32.72,0.5800,1749,104.4,5.1985
385,0,0,186,0,966,763,1,6.27,0.4831,1729,0.4831,0.6931
385,0,0,186,0,966,763,3,14.7,0.4831,1729,1.4493,1.3863
385,0,0,186,0,966,763,7,23.22,0.4831,1729,3.3817,2.0794
385,0,0,186,0,966,763,14,27.92,0.4831,1729,6.7634,2.7081
385,0,0,186,0,966,763,28,31.35,0.4831,1729,13.5268,3.3673
331,0,0,192,0,978,825,180,39,0.5801,1803,104.418,5.1985
331,0,0,192,0,978,825,360,41.24,0.5801,1803,208.836,5.8889
349,0,0,192,0,1047,806,3,14.99,0.5501,1853,1.6503,1.3863
331,0,0,192,0,978,825,3,13.52,0.5801,1803,1.7403,1.3863
382,0,0,186,0,1047,739,7,24,0.4869,1786,3.4083,2.0794
382,0,0,186,0,1047,739,28,37.42,0.4869,1786,13.6332,3.3673
382,0,0,186,0,1111,784,7,11.47,0.4869,1895,3.4083,2.0794
281,0,0,186,0,1104,774,28,22.44,0.6619,1878,18.5332,3.3673
339,0,0,185,0,1069,754,7,21.16,0.5457,1823,3.8199,2.0794
339,0,0,185,0,1069,754,28,31.84,0.5457,1823,15.2796,3.3673
295,0,0,185,0,1069,769,7,14.8,0.6271,1838,4.3897,2.0794
295,0,0,185,0,1069,769,28,25.18,0.6271,1838,17.5588,3.3673
238,0,0,185,0,1118,789,28,17.54,0.7773,1907,21.7644,3.3673
296,0,0,192,0,1085,765,7,14.2,0.6486,1850,4.5402,2.0794
296,0,0,192,0,1085,765,28,21.65,0.6486,1850,18.1608,3.3673
296,0,0,192,0,1085,765,90,29.39,0.6486,1850,58.374,4.5109
331,0,0,192,0,879,825,3,13.52,0.5801,1704,1.7403,1.3863
331,0,0,192,0,978,825,7,16.26,0.5801,1803,4.0607,2.0794
331,0,0,192,0,978,825,28,31.45,0.5801,1803,16.2428,3.3673
331,0,0,192,0,978,825,90,37.23,0.5801,1803,52.209,4.5109
349,0,0,192,0,1047,806,7,18.13,0.5501,1853,3.8507,2.0794
349,0,0,192,0,1047,806,28,32.72,0.5501,1853,15.4028,3.3673
349,0,0,192,0,1047,806,90,39.49,0.5501,1853,49.509,4.5109
349,0,0,192,0,1047,806,180,41.05,0.5501,1853,99.018,5.1985
349,0,0,192,0,1047,806,360,42.13,0.5501,1853,198.036,5.8889
302,0,0,203,0,974,817,14,18.13,0.6722,1791,9.4108,2.7081
302,0,0,203,0,974,817,180,26.74,0.6722,1791,120.996,5.1985
525,0,0,189,0,1125,613,180,61.92,0.36,1738,64.8,5.1985
500,0,0,200,0,1125,613,90,47.22,0.4,1738,36,4.5109
500,0,0,200,0,1125,613,180,51.04,0.4,1738,72,5.1985
500,0,0,200,0,1125,613,270,55.16,0.4,1738,108,5.6021
540,0,0,173,0,1125,613,3,41.64,0.3204,1738,0.9612,1.3863
252,0,0,185,0,1111,784,7,13.71,0.7341,1895,5.1387,2.0794
252,0,0,185,0,1111,784,28,19.69,0.7341,1895,20.5548,3.3673
339,0,0,185,0,1060,754,28,31.65,0.5457,1814,15.2796,3.3673
393,0,0,192,0,940,758,3,19.11,0.4885,1698,1.4655,1.3863
393,0,0,192,0,940,758,28,39.58,0.4885,1698,13.678,3.3673
393,0,0,192,0,940,758,90,48.79,0.4885,1698,43.965,4.5109
382,0,0,185,0,1047,739,7,24,0.4843,1786,3.3901,2.0794
382,0,0,185,0,1047,739,28,37.42,0.4843,1786,13.5604,3.3673
252,0,0,186,0,1111,784,7,11.47,0.7381,1895,5.1667,2.0794
252,0,0,185,0,1111,784,28,19.69,0.7341,1895,20.5548,3.3673
310,0,0,192,0,970,850,7,14.99,0.6194,1820,4.3358,2.0794
310,0,0,192,0,970,850,28,27.92,0.6194,1820,17.3432,3.3673
310,0,0,192,0,970,850,90,34.68,0.6194,1820,55.746,4.5109
310,0,0,192,0,970,850,180,37.33,0.6194,1820,111.492,5.1985
310,0,0,192,0,970,850,360,38.11,0.6194,1820,222.984,5.8889
525,0,0,189,0,1125,613,3,33.8,0.36,1738,1.08,1.3863
525,0,0,189,0,1125,613,7,42.42,0.36,1738,2.52,2.0794
525,0,0,189,0,1125,613,14,48.4,0.36,1738,5.04,2.7081
525,0,0,189,0,1125,613,28,55.94,0.36,1738,10.08,3.3673
525,0,0,189,0,1125,613,90,58.78,0.36,1738,32.4,4.5109
525,0,0,189,0,1125,613,270,67.11,0.36,1738,97.2,5.6021
322,0,0,203,0,974,800,14,20.77,0.6304,1774,8.8256,2.7081
322,0,0,203,0,974,800,28,25.18,0.6304,1774,17.6512,3.3673
322,0,0,203,0,974,800,180,29.59,0.6304,1774,113.472,5.1985
302,0,0,203,0,974,817,28,21.75,0.6722,1791,18.8216,3.3673
397,0,0,185,0,1040,734,28,39.09,0.4660,1774,13.048,3.3673
480,0,0,192,0,936,721,3,24.39,0.4,1657,1.2,1.3863
522,0,0,146,0,896,896,7,50.51,0.2797,1792,1.9579,2.0794
522,0,0,146,0,896,896,28,74.99,0.2797,1792,7.8316,3.3673
273,105,82,210,9,904,680,28,37.17,0.7692,1584,21.5376,3.3673
162,190,148,179,19,838,741,28,33.76,1.1049,1579,30.9372,3.3673
154,144,112,220,10,923,658,28,16.5,1.4286,1581,40.0008,3.3673
147,115,89,202,9,860,829,28,19.99,1.3741,1689,38.4748,3.3673
152,178,139,168,18,944,695,28,36.35,1.1053,1639,30.9484,3.3673
310,143,111,168,22,914,651,28,33.69,0.5419,1565,15.1732,3.3673
144,0,175,158,18,943,844,28,15.42,1.0972,1787,30.7216,3.3673
304,140,0,214,6,895,722,28,33.42,0.7039,1617,19.7092,3.3673
374,0,0,190,7,1013,730,28,39.05,0.5080,1743,14.224,3.3673
159,149,116,175,15,953,720,28,27.68,1.1006,1673,30.8168,3.3673
153,239,0,200,6,1002,684,28,26.86,1.3072,1686,36.6016,3.3673
310,143,0,168,10,914,804,28,45.3,0.5419,1718,15.1732,3.3673
305,0,100,196,10,959,705,28,30.12,0.6426,1664,17.9928,3.3673
151,0,184,167,12,991,772,28,15.57,1.1060,1763,30.968,3.3673
142,167,130,174,11,883,785,28,44.61,1.2254,1668,34.3112,3.3673
298,137,107,201,6,878,655,28,53.52,0.6745,1533,18.886,3.3673
321,164,0,190,5,870,774,28,57.21,0.5919,1644,16.5732,3.3673
366,187,0,191,7,824,757,28,65.91,0.5219,1581,14.6132,3.3673
280,129,100,172,9,825,805,28,52.82,0.6143,1630,17.2004,3.3673
252,97,76,194,8,835,821,28,33.4,0.7698,1656,21.5544,3.3673
165,0,150,182,12,1023,729,28,18.03,1.1030,1752,30.884,3.3673
156,243,0,180,11,1022,698,28,37.36,1.1538,1720,32.3064,3.3673
160,188,146,203,11,829,710,28,32.84,1.26875,1539,35.5264,3.3673
298,0,107,186,6,879,815,28,42.64,0.6242,1694,17.4776,3.3673
318,0,126,210,6,861,737,28,40.06,0.6604,1598,18.4912,3.3673
287,121,94,188,9,904,696,28,41.94,0.6551,1600,18.3428,3.3673
326,166,0,174,9,882,790,28,61.23,0.5337,1672,14.9436,3.3673
356,0,142,193,11,801,778,28,40.87,0.5421,1579,15.1788,3.3673
132,207,161,179,5,867,736,28,33.3,1.3561,1603,37.9708,3.3673
322,149,0,186,8,951,709,28,52.42,0.5776,1660,16.1728,3.3673
164,0,200,181,13,849,846,28,15.09,1.1037,1695,30.9036,3.3673
314,0,113,170,10,925,783,28,38.46,0.5414,1708,15.1592,3.3673
321,0,128,182,11,870,780,28,37.26,0.5670,1650,15.876,3.3673
140,164,128,237,6,869,656,28,35.23,1.6929,1525,47.4012,3.3673
288,121,0,177,7,908,829,28,42.13,0.6146,1737,17.2088,3.3673
298,0,107,210,11,880,744,28,31.87,0.7047,1624,19.7316,3.3673
265,111,86,195,6,833,790,28,41.54,0.7358,1623,20.6024,3.3673
160,250,0,168,12,1049,688,28,39.45,1.05,1737,29.4,3.3673
166,260,0,183,13,859,827,28,37.91,1.1024,1686,30.8672,3.3673
276,116,90,180,9,870,768,28,44.28,0.6522,1638,18.2616,3.3673
322,0,116,196,10,818,813,28,31.18,0.6087,1631,17.0436,3.3673
149,139,109,193,6,892,780,28,23.69,1.2953,1672,36.2684,3.3673
159,187,0,176,11,990,789,28,32.76,1.1069,1779,30.9932,3.3673
261,100,78,201,9,864,761,28,32.4,0.7701,1625,21.5628,3.3673
237,92,71,247,6,853,695,28,28.63,1.0422,1548,29.1816,3.3673
313,0,113,178,8,1002,689,28,36.8,0.5687,1691,15.9236,3.3673
155,183,0,193,9,1047,697,28,18.28,1.2452,1744,34.8656,3.3673
146,230,0,202,3,827,872,28,33.06,1.3836,1699,38.7408,3.3673
296,0,107,221,11,819,778,28,31.42,0.7466,1597,20.9048,3.3673
133,210,0,196,3,949,795,28,31.03,1.4737,1744,41.2636,3.3673
313,145,0,178,8,867,824,28,44.39,0.5687,1691,15.9236,3.3673
152,0,112,184,8,992,816,28,12.18,1.2105,1808,33.894,3.3673
153,145,113,178,8,1002,689,28,25.56,1.1634,1691,32.5752,3.3673
140,133,103,200,7,916,753,28,36.44,1.4286,1669,40.0008,3.3673
149,236,0,176,13,847,893,28,32.96,1.1812,1740,33.0736,3.3673
300,0,120,212,10,878,728,28,23.84,0.7067,1606,19.7876,3.3673
153,145,113,178,8,867,824,28,26.23,1.1634,1691,32.5752,3.3673
148,0,137,158,16,1002,830,28,17.95,1.0676,1832,29.8928,3.3673
326,0,138,199,11,801,792,28,40.68,0.6104,1593,17.0912,3.3673
153,145,0,178,8,1000,822,28,19.01,1.1634,1822,32.5752,3.3673
262,111,86,195,5,895,733,28,33.72,0.7443,1628,20.8404,3.3673
158,0,195,220,11,898,713,28,8.54,1.3924,1611,38.9872,3.3673
151,0,185,167,16,1074,678,28,13.46,1.1060,1752,30.968,3.3673
273,0,90,199,11,931,762,28,32.24,0.7289,1693,20.4092,3.3673
149,118,92,183,7,953,780,28,23.52,1.2282,1733,34.3896,3.3673
143,169,143,191,8,967,643,28,29.72,1.3357,1610,37.3996,3.3673
260,101,78,171,10,936,763,28,49.77,0.6577,1699,18.4156,3.3673
313,161,0,178,10,917,759,28,52.44,0.5687,1676,15.9236,3.3673
284,120,0,168,7,970,794,28,40.93,0.5915,1764,16.562,3.3673
336,0,0,182,3,986,817,28,44.86,0.5417,1803,15.1676,3.3673
145,0,134,181,11,979,812,28,13.2,1.2483,1791,34.9524,3.3673
150,237,0,174,12,1069,675,28,37.43,1.16,1744,32.48,3.3673
144,170,133,192,8,814,805,28,29.87,1.3333,1619,37.3324,3.3673
331,170,0,195,8,811,802,28,56.61,0.5891,1613,16.4948,3.3673
155,0,143,193,9,1047,697,28,12.46,1.2452,1744,34.8656,3.3673
155,183,0,193,9,877,868,28,23.79,1.2452,1745,34.8656,3.3673
135,0,166,180,10,961,805,28,13.29,1.3333,1766,37.3324,3.3673
266,112,87,178,10,910,745,28,39.42,0.6692,1655,18.7376,3.3673
314,145,113,179,8,869,690,28,46.23,0.5701,1559,15.9628,3.3673
313,145,0,127,8,1000,822,28,44.52,0.4058,1822,11.3624,3.3673
146,173,0,182,3,986,817,28,23.74,1.2466,1803,34.9048,3.3673
144,136,106,178,7,941,774,28,26.14,1.2361,1715,34.6108,3.3673
148,0,182,181,15,839,884,28,15.52,1.2230,1723,34.244,3.3673
277,117,91,191,7,946,666,28,43.57,0.6895,1612,19.306,3.3673
298,0,107,164,13,953,784,28,35.86,0.5503,1737,15.4084,3.3673
313,145,0,178,8,1002,689,28,41.05,0.5687,1691,15.9236,3.3673
155,184,143,194,9,880,699,28,28.99,1.2516,1579,35.0448,3.3673
289,134,0,195,6,924,760,28,46.24,0.6747,1684,18.8916,3.3673
148,175,0,171,2,1000,828,28,26.92,1.1554,1828,32.3512,3.3673
145,0,179,202,8,824,869,28,10.54,1.3931,1693,39.0068,3.3673
313,0,0,178,8,1000,822,28,25.1,0.5687,1822,15.9236,3.3673
136,162,126,172,10,923,764,28,29.07,1.2647,1687,35.4116,3.3673
155,0,143,193,9,877,868,28,9.74,1.2452,1745,34.8656,3.3673
255,99,77,189,6,919,749,28,33.8,0.7412,1668,20.7536,3.3673
162,207,172,216,10,822,638,28,39.84,1.3333,1460,37.3324,3.3673
136,196,98,199,6,847,783,28,26.97,1.4632,1630,40.9696,3.3673
164,163,128,197,8,961,641,28,27.23,1.2012,1602,33.6336,3.3673
162,214,164,202,10,820,680,28,30.65,1.2469,1500,34.9132,3.3673
157,214,152,200,9,819,704,28,33.05,1.2739,1523,35.6692,3.3673
149,153,194,192,8,935,623,28,24.58,1.2886,1558,36.0808,3.3673
135,105,193,196,6,965,643,28,21.91,1.4519,1608,40.6532,3.3673
159,209,161,201,7,848,669,28,30.88,1.2642,1517,35.3976,3.3673
144,15,195,176,6,1021,709,28,15.34,1.2222,1730,34.2216,3.3673
154,174,185,228,7,845,612,28,24.34,1.4805,1457,41.454,3.3673
167,187,195,185,7,898,636,28,23.89,1.1078,1534,31.0184,3.3673
184,86,190,213,6,923,623,28,22.93,1.1576,1546,32.4128,3.3673
156,178,187,221,7,854,614,28,29.41,1.4167,1468,39.6676,3.3673
236.9,91.7,71.5,246.9,6,852.9,695.4,28,28.63,1.0422,1548.3,29.1816,3.3673
313.3,0,113,178.5,8,1001.9,688.7,28,36.8,0.5697,1690.6,15.9516,3.3673
154.8,183.4,0,193.3,9.1,1047.4,696.7,28,18.29,1.2487,1744.1,34.9636,3.3673
145.9,230.5,0,202.5,3.4,827,871.8,28,32.72,1.3879,1698.8,38.8612,3.3673
296,0,106.7,221.4,10.5,819.2,778.4,28,31.42,0.7480,1597.6,20.944,3.3673
133.1,210.2,0,195.7,3.1,949.4,795.3,28,28.94,1.4703,1744.7,41.1684,3.3673
313.3,145,0,178.5,8,867.2,824,28,40.93,0.5697,1691.2,15.9516,3.3673
151.6,0,111.9,184.4,7.9,992,815.9,28,12.18,1.2164,1807.9,34.0592,3.3673
153.1,145,113,178.5,8,1001.9,688.7,28,25.56,1.1659,1690.6,32.6452,3.3673
139.9,132.6,103.3,200.3,7.4,916,753.4,28,36.44,1.4317,1669.4,40.0876,3.3673
149.5,236,0,175.8,12.6,846.8,892.7,28,32.96,1.1759,1739.5,32.9252,3.3673
299.8,0,119.8,211.5,9.9,878.2,727.6,28,23.84,0.7055,1605.8,19.754,3.3673
153.1,145,113,178.5,8,867.2,824,28,26.23,1.1659,1691.2,32.6452,3.3673
148.1,0,136.6,158.1,16.1,1001.8,830.1,28,17.96,1.0675,1831.9,29.89,3.3673
326.5,0,137.9,199,10.8,801.1,792.5,28,38.63,0.6095,1593.6,17.066,3.3673
152.7,144.7,0,178.1,8,999.7,822.2,28,19.01,1.1663,1821.9,32.6564,3.3673
261.9,110.5,86.1,195.4,5,895.2,732.6,28,33.72,0.7461,1627.8,20.8908,3.3673
158.4,0,194.9,219.7,11,897.7,712.9,28,8.54,1.3870,1610.6,38.836,3.3673
150.7,0,185.3,166.7,15.6,1074.5,678,28,13.46,1.1062,1752.5,30.9736,3.3673
272.6,0,89.6,198.7,10.6,931.3,762.2,28,32.25,0.7289,1693.5,20.4092,3.3673
149,117.6,91.7,182.9,7.1,953.4,780.3,28,23.52,1.2275,1733.7,34.37,3.3673
143,169.4,142.7,190.7,8.4,967.4,643.5,28,29.73,1.3336,1610.9,37.3408,3.3673
259.9,100.6,78.4,170.6,10.4,935.7,762.9,28,49.77,0.6564,1698.6,18.3792,3.3673
312.9,160.5,0,177.6,9.6,916.6,759.5,28,52.45,0.5676,1676.1,15.8928,3.3673
284,119.7,0,168.3,7.2,970.4,794.2,28,40.93,0.5926,1764.6,16.5928,3.3673
336.5,0,0,181.9,3.4,985.8,816.8,28,44.87,0.5406,1802.6,15.1368,3.3673
144.8,0,133.6,180.8,11.1,979.5,811.5,28,13.2,1.2486,1791,34.9608,3.3673
150,236.8,0,173.8,11.9,1069.3,674.8,28,37.43,1.1587,1744.1,32.4436,3.3673
143.7,170.2,132.6,191.6,8.5,814.1,805.3,28,29.87,1.3333,1619.4,37.3324,3.3673
330.5,169.6,0,194.9,8.1,811,802.3,28,56.62,0.5897,1613.3,16.5116,3.3673
154.8,0,142.8,193.3,9.1,1047.4,696.7,28,12.46,1.2487,1744.1,34.9636,3.3673
154.8,183.4,0,193.3,9.1,877.2,867.7,28,23.79,1.2487,1744.9,34.9636,3.3673
134.7,0,165.7,180.2,10,961,804.9,28,13.29,1.3378,1765.9,37.4584,3.3673
266.2,112.3,87.5,177.9,10.4,909.7,744.5,28,39.42,0.6683,1654.2,18.7124,3.3673
314,145.3,113.2,178.9,8,869.1,690.2,28,46.23,0.5697,1559.3,15.9516,3.3673
312.7,144.7,0,127.3,8,999.7,822.2,28,44.52,0.4071,1821.9,11.3988,3.3673
145.7,172.6,0,181.9,3.4,985.8,816.8,28,23.74,1.2485,1802.6,34.958,3.3673
143.8,136.3,106.2,178.1,7.5,941.5,774.3,28,26.15,1.2385,1715.8,34.678,3.3673
148.1,0,182.1,181.4,15,838.9,884.3,28,15.53,1.2248,1723.2,34.2944,3.3673
277,116.8,91,190.6,7,946.5,665.6,28,43.58,0.6881,1612.1,19.2668,3.3673
298.1,0,107.5,163.6,12.8,953.2,784,28,35.87,0.5488,1737.2,15.3664,3.3673
313.3,145,0,178.5,8,1001.9,688.7,28,41.05,0.5697,1690.6,15.9516,3.3673
155.2,183.9,143.2,193.8,9.2,879.6,698.5,28,28.99,1.2487,1578.1,34.9636,3.3673
289,133.7,0,194.9,5.5,924.1,760.1,28,46.25,0.6744,1684.2,18.8832,3.3673
147.8,175.1,0,171.2,2.2,1000,828.5,28,26.92,1.1583,1828.5,32.4324,3.3673
145.4,0,178.9,201.7,7.8,824,868.7,28,10.54,1.3872,1692.7,38.8416,3.3673
312.7,0,0,178.1,8,999.7,822.2,28,25.1,0.5696,1821.9,15.9488,3.3673
136.4,161.6,125.8,171.6,10.4,922.6,764.4,28,29.07,1.2581,1687,35.2268,3.3673
154.8,0,142.8,193.3,9.1,877.2,867.7,28,9.74,1.2487,1744.9,34.9636,3.3673
255.3,98.8,77,188.6,6.5,919,749.3,28,33.8,0.7387,1668.3,20.6836,3.3673
272.8,105.1,81.8,209.7,9,904,679.7,28,37.17,0.7687,1583.7,21.5236,3.3673
162,190.1,148.1,178.8,18.8,838.1,741.4,28,33.76,1.1037,1579.5,30.9036,3.3673
153.6,144.2,112.3,220.1,10.1,923.2,657.9,28,16.5,1.4329,1581.1,40.1212,3.3673
146.5,114.6,89.3,201.9,8.8,860,829.5,28,19.99,1.3782,1689.5,38.5896,3.3673
151.8,178.1,138.7,167.5,18.3,944,694.6,28,36.35,1.1034,1638.6,30.8952,3.3673
309.9,142.8,111.2,167.8,22.1,913.9,651.2,28,38.22,0.5415,1565.1,15.162,3.3673
143.6,0,174.9,158.4,17.9,942.7,844.5,28,15.42,1.1031,1787.2,30.8868,3.3673
303.6,139.9,0,213.5,6.2,895.5,722.5,28,33.42,0.7032,1618,19.6896,3.3673
374.3,0,0,190.2,6.7,1013.2,730.4,28,39.06,0.5081,1743.6,14.2268,3.3673
158.6,148.9,116,175.1,15,953.3,719.7,28,27.68,1.1040,1673,30.912,3.3673
152.6,238.7,0,200,6.3,1001.8,683.9,28,26.86,1.3106,1685.7,36.6968,3.3673
310,142.8,0,167.9,10,914.3,804,28,45.3,0.5416,1718.3,15.1648,3.3673
304.8,0,99.6,196,9.8,959.4,705.2,28,30.12,0.6430,1664.6,18.004,3.3673
150.9,0,183.9,166.6,11.6,991.2,772.2,28,15.57,1.1040,1763.4,30.912,3.3673
141.9,166.6,129.7,173.5,10.9,882.6,785.3,28,44.61,1.2227,1667.9,34.2356,3.3673
297.8,137.2,106.9,201.3,6,878.4,655.3,28,53.52,0.6760,1533.7,18.928,3.3673
321.3,164.2,0,190.5,4.6,870,774,28,57.22,0.5929,1644,16.6012,3.3673
366,187,0,191.3,6.6,824.3,756.9,28,65.91,0.5227,1581.2,14.6356,3.3673
279.8,128.9,100.4,172.4,9.5,825.1,804.9,28,52.83,0.6162,1630,17.2536,3.3673
252.1,97.1,75.6,193.8,8.3,835.5,821.4,28,33.4,0.7687,1656.9,21.5236,3.3673
164.6,0,150.4,181.6,11.7,1023.3,728.9,28,18.03,1.1033,1752.2,30.8924,3.3673
155.6,243.5,0,180.3,10.7,1022,697.7,28,37.36,1.1587,1719.7,32.4436,3.3673
160.2,188,146.4,203.2,11.3,828.7,709.7,28,35.31,1.2684,1538.4,35.5152,3.3673
298.1,0,107,186.4,6.1,879,815.2,28,42.64,0.6253,1694.2,17.5084,3.3673
317.9,0,126.5,209.7,5.7,860.5,736.6,28,40.06,0.6596,1597.1,18.4688,3.3673
287.3,120.5,93.9,187.6,9.2,904.4,695.9,28,43.8,0.6530,1600.3,18.284,3.3673
325.6,166.4,0,174,8.9,881.6,790,28,61.24,0.5344,1671.6,14.9632,3.3673
355.9,0,141.6,193.3,11,801.4,778.4,28,40.87,0.5431,1579.8,15.2068,3.3673
132,206.5,160.9,178.9,5.5,866.9,735.6,28,33.31,1.3553,1602.5,37.9484,3.3673
322.5,148.6,0,185.8,8.5,951,709.5,28,52.43,0.5761,1660.5,16.1308,3.3673
164.2,0,200.1,181.2,12.6,849.3,846,28,15.09,1.1035,1695.3,30.898,3.3673
313.8,0,112.6,169.9,10.1,925.3,782.9,28,38.46,0.5414,1708.2,15.1592,3.3673
321.4,0,127.9,182.5,11.5,870.1,779.7,28,37.27,0.5678,1649.8,15.8984,3.3673
139.7,163.9,127.7,236.7,5.8,868.6,655.6,28,35.23,1.6943,1524.2,47.4404,3.3673
288.4,121,0,177.4,7,907.9,829.5,28,42.14,0.6151,1737.4,17.2228,3.3673
298.2,0,107,209.7,11.1,879.6,744.2,28,31.88,0.7032,1623.8,19.6896,3.3673
264.5,111,86.5,195.5,5.9,832.6,790.4,28,41.54,0.7391,1623,20.6948,3.3673
159.8,250,0,168.4,12.2,1049.3,688.2,28,39.46,1.0538,1737.5,29.5064,3.3673
166,259.7,0,183.2,12.7,858.8,826.8,28,37.92,1.1036,1685.6,30.9008,3.3673
276.4,116,90.3,179.6,8.9,870.1,768.3,28,44.28,0.6498,1638.4,18.1944,3.3673
322.2,0,115.6,196,10.4,817.9,813.4,28,31.18,0.6083,1631.3,17.0324,3.3673
148.5,139.4,108.6,192.7,6.1,892.4,780,28,23.7,1.2976,1672.4,36.3328,3.3673
159.1,186.7,0,175.6,11.3,989.6,788.9,28,32.77,1.1037,1778.5,30.9036,3.3673
260.9,100.5,78.3,200.6,8.6,864.5,761.5,28,32.4,0.7689,1626,21.5292,3.3673
